medication_name,official_query,source_system,source_status,setid,title,published_date,spl_version,label_url,service_url,query_url,source_use,review_status,notes
Acamprosato,acamprosate,DailyMed/FDA,official_label_located_pending_formal_review,f2bf6742-4b85-45e2-8daa-0f9bfc75a128,"ACAMPROSATE CALCIUM (ACAMPROSATE CALCIUM ENTERIC-COATED) TABLET, DELAYED RELEASE [NCS HEALTHCARE OF KY, LLC DBA VANGARD LABS]","Jun 15, 2026",2,https://dailymed.nlm.nih.gov/dailymed/drugInfo.cfm?setid=f2bf6742-4b85-45e2-8daa-0f9bfc75a128,https://dailymed.nlm.nih.gov/dailymed/services/v2/spls/f2bf6742-4b85-45e2-8daa-0f9bfc75a128.xml,https://dailymed.nlm.nih.gov/dailymed/services/v2/spls.json?drug_name=acamprosate&label_type=human%2Frxonly&pagesize=20,"official regulatory locator for later dose, safety, contraindication, warning, and adverse reaction extraction",source_locator_only_no_clinical_claim_extracted,
Agomelatina,agomelatine,DailyMed/FDA,not_found,,,,,,,https://dailymed.nlm.nih.gov/dailymed/services/v2/spls.json?drug_name=agomelatine&label_type=human%2Frxonly&pagesize=20,"official regulatory locator for later dose, safety, contraindication, warning, and adverse reaction extraction",official_source_not_found_in_dailymed,
Alprazolam,alprazolam,DailyMed/FDA,official_label_located_pending_formal_review,fc5fe795-6b41-aecf-e053-6394a90af562,ALPRAZOLAM TABLET [ST. MARY'S MEDICAL PARK PHARMACY],"Jun 23, 2026",2,https://dailymed.nlm.nih.gov/dailymed/drugInfo.cfm?setid=fc5fe795-6b41-aecf-e053-6394a90af562,https://dailymed.nlm.nih.gov/dailymed/services/v2/spls/fc5fe795-6b41-aecf-e053-6394a90af562.xml,https://dailymed.nlm.nih.gov/dailymed/services/v2/spls.json?drug_name=alprazolam&label_type=human%2Frxonly&pagesize=20,"official regulatory locator for later dose, safety, contraindication, warning, and adverse reaction extraction",source_locator_only_no_clinical_claim_extracted,
Amissulprida,amisulpride,DailyMed/FDA,official_label_located_context_mismatch_review_required,ab23bc6e-b6a8-165f-e053-2a95a90ab144,"BARHEMSYS (AMISULPRIDE) INJECTION, SOLUTION [ACACIA PHARMA LTD]","Jun 23, 2026",8,https://dailymed.nlm.nih.gov/dailymed/drugInfo.cfm?setid=ab23bc6e-b6a8-165f-e053-2a95a90ab144,https://dailymed.nlm.nih.gov/dailymed/services/v2/spls/ab23bc6e-b6a8-165f-e053-2a95a90ab144.xml,https://dailymed.nlm.nih.gov/dailymed/services/v2/spls.json?drug_name=amisulpride&label_type=human%2Frxonly&pagesize=20,"official regulatory locator for later dose, safety, contraindication, warning, and adverse reaction extraction",source_locator_context_mismatch_no_clinical_claim_extracted,
Amitriptilina,amitriptyline,DailyMed/FDA,official_label_located_pending_formal_review,35aa7ab3-321a-97f7-e063-6294a90a91e2,"AMITRIPTYLINE HYDROCHLORIDE TABLET, COATED [ST. MARY'S MEDICAL PARK PHARMACY]","Jul 01, 2026",2,https://dailymed.nlm.nih.gov/dailymed/drugInfo.cfm?setid=35aa7ab3-321a-97f7-e063-6294a90a91e2,https://dailymed.nlm.nih.gov/dailymed/services/v2/spls/35aa7ab3-321a-97f7-e063-6294a90a91e2.xml,https://dailymed.nlm.nih.gov/dailymed/services/v2/spls.json?drug_name=amitriptyline&label_type=human%2Frxonly&pagesize=20,"official regulatory locator for later dose, safety, contraindication, warning, and adverse reaction extraction",source_locator_only_no_clinical_claim_extracted,
Aripiprazol,aripiprazole,DailyMed/FDA,official_label_located_pending_formal_review,042b725c-1c17-4cfb-80b2-c841226d795e,ARIPIPRAZOLE (ARIPIPRAZOLE ORAL) SOLUTION [ATLANTIC BIOLOGICALS CORP.],"Jul 13, 2026",2,https://dailymed.nlm.nih.gov/dailymed/drugInfo.cfm?setid=042b725c-1c17-4cfb-80b2-c841226d795e,https://dailymed.nlm.nih.gov/dailymed/services/v2/spls/042b725c-1c17-4cfb-80b2-c841226d795e.xml,https://dailymed.nlm.nih.gov/dailymed/services/v2/spls.json?drug_name=aripiprazole&label_type=human%2Frxonly&pagesize=20,"official regulatory locator for later dose, safety, contraindication, warning, and adverse reaction extraction",source_locator_only_no_clinical_claim_extracted,
Asenapina,asenapine,DailyMed/FDA,official_label_located_pending_formal_review,5429f134-839f-4ffc-9944-55f51238def8,"SAPHRIS (ASENAPINE MALEATE) TABLET [ALLERGAN, INC.]","Dec 12, 2025",22,https://dailymed.nlm.nih.gov/dailymed/drugInfo.cfm?setid=5429f134-839f-4ffc-9944-55f51238def8,https://dailymed.nlm.nih.gov/dailymed/services/v2/spls/5429f134-839f-4ffc-9944-55f51238def8.xml,https://dailymed.nlm.nih.gov/dailymed/services/v2/spls.json?drug_name=asenapine&label_type=human%2Frxonly&pagesize=20,"official regulatory locator for later dose, safety, contraindication, warning, and adverse reaction extraction",source_locator_only_no_clinical_claim_extracted,
Atomoxetina,atomoxetine,DailyMed/FDA,official_label_located_pending_formal_review,309de576-c318-404a-bc15-660c2b1876fb,STRATTERA (ATOMOXETINE HYDROCHLORIDE) CAPSULE [ELI LILLY AND COMPANY],"Jul 15, 2026",68,https://dailymed.nlm.nih.gov/dailymed/drugInfo.cfm?setid=309de576-c318-404a-bc15-660c2b1876fb,https://dailymed.nlm.nih.gov/dailymed/services/v2/spls/309de576-c318-404a-bc15-660c2b1876fb.xml,https://dailymed.nlm.nih.gov/dailymed/services/v2/spls.json?drug_name=atomoxetine&label_type=human%2Frxonly&pagesize=20,"official regulatory locator for later dose, safety, contraindication, warning, and adverse reaction extraction",source_locator_only_no_clinical_claim_extracted,
Brexpiprazol,brexpiprazole,DailyMed/FDA,official_label_located_pending_formal_review,2d301358-6291-4ec1-bd87-37b4ad9bd850,"REXULTI (BREXPIPRAZOLE) TABLET REXULTI (BREXPIPRAZOLE) KIT [OTSUKA AMERICA PHARMACEUTICAL, INC.]","May 28, 2026",26,https://dailymed.nlm.nih.gov/dailymed/drugInfo.cfm?setid=2d301358-6291-4ec1-bd87-37b4ad9bd850,https://dailymed.nlm.nih.gov/dailymed/services/v2/spls/2d301358-6291-4ec1-bd87-37b4ad9bd850.xml,https://dailymed.nlm.nih.gov/dailymed/services/v2/spls.json?drug_name=brexpiprazole&label_type=human%2Frxonly&pagesize=20,"official regulatory locator for later dose, safety, contraindication, warning, and adverse reaction extraction",source_locator_only_no_clinical_claim_extracted,
Bromazepam,bromazepam,DailyMed/FDA,not_found,,,,,,,https://dailymed.nlm.nih.gov/dailymed/services/v2/spls.json?drug_name=bromazepam&label_type=human%2Frxonly&pagesize=20,"official regulatory locator for later dose, safety, contraindication, warning, and adverse reaction extraction",official_source_not_found_in_dailymed,
Buprenorfina,buprenorphine,DailyMed/FDA,official_label_located_pending_formal_review,2e807ed0-6df3-47b5-b7ee-b421c5bf0aa7,"BUPRENORPHINE AND NALOXONE TABLET [ASCEND LABORATORIES, LLC]","Jul 06, 2026",19,https://dailymed.nlm.nih.gov/dailymed/drugInfo.cfm?setid=2e807ed0-6df3-47b5-b7ee-b421c5bf0aa7,https://dailymed.nlm.nih.gov/dailymed/services/v2/spls/2e807ed0-6df3-47b5-b7ee-b421c5bf0aa7.xml,https://dailymed.nlm.nih.gov/dailymed/services/v2/spls.json?drug_name=buprenorphine&label_type=human%2Frxonly&pagesize=20,"official regulatory locator for later dose, safety, contraindication, warning, and adverse reaction extraction",source_locator_only_no_clinical_claim_extracted,
Bupropiona,bupropion,DailyMed/FDA,official_label_located_pending_formal_review,3ec04240-baef-44d7-8d73-a181171eec43,"BUPROPION HYDROBROMIDE TABLET, EXTENDED RELEASE [OCEANSIDE PHARMACEUTICALS]","Jul 13, 2026",3,https://dailymed.nlm.nih.gov/dailymed/drugInfo.cfm?setid=3ec04240-baef-44d7-8d73-a181171eec43,https://dailymed.nlm.nih.gov/dailymed/services/v2/spls/3ec04240-baef-44d7-8d73-a181171eec43.xml,https://dailymed.nlm.nih.gov/dailymed/services/v2/spls.json?drug_name=bupropion&label_type=human%2Frxonly&pagesize=20,"official regulatory locator for later dose, safety, contraindication, warning, and adverse reaction extraction",source_locator_only_no_clinical_claim_extracted,
Bupropiona XL,bupropion,DailyMed/FDA,official_label_located_pending_formal_review,3ec04240-baef-44d7-8d73-a181171eec43,"BUPROPION HYDROBROMIDE TABLET, EXTENDED RELEASE [OCEANSIDE PHARMACEUTICALS]","Jul 13, 2026",3,https://dailymed.nlm.nih.gov/dailymed/drugInfo.cfm?setid=3ec04240-baef-44d7-8d73-a181171eec43,https://dailymed.nlm.nih.gov/dailymed/services/v2/spls/3ec04240-baef-44d7-8d73-a181171eec43.xml,https://dailymed.nlm.nih.gov/dailymed/services/v2/spls.json?drug_name=bupropion&label_type=human%2Frxonly&pagesize=20,"official regulatory locator for later dose, safety, contraindication, warning, and adverse reaction extraction",source_locator_only_no_clinical_claim_extracted,
Buspirona,buspirone,DailyMed/FDA,official_label_located_pending_formal_review,f101c5f3-d533-474d-a8bf-90d054933d16,"BUCAPSOL (BUSPIRONE HYDROCHLORIDE) CAPSULE [PANGEA PHARMACEUTICALS, LLC]","Jul 15, 2026",6,https://dailymed.nlm.nih.gov/dailymed/drugInfo.cfm?setid=f101c5f3-d533-474d-a8bf-90d054933d16,https://dailymed.nlm.nih.gov/dailymed/services/v2/spls/f101c5f3-d533-474d-a8bf-90d054933d16.xml,https://dailymed.nlm.nih.gov/dailymed/services/v2/spls.json?drug_name=buspirone&label_type=human%2Frxonly&pagesize=20,"official regulatory locator for later dose, safety, contraindication, warning, and adverse reaction extraction",source_locator_only_no_clinical_claim_extracted,
Carbamazepina,carbamazepine,DailyMed/FDA,official_label_located_pending_formal_review,8d409411-aa9f-4f3a-a52c-fbcb0c3ec053,"TEGRETOL (CARBAMAZEPINE) SUSPENSION TEGRETOL (CARBAMAZEPINE) TABLET TEGRETOL XR (CARBAMAZEPINE) TABLET, EXTENDED RELEASE [NOVARTIS PHARMACEUTICALS CORPORATION]","Jul 13, 2026",37,https://dailymed.nlm.nih.gov/dailymed/drugInfo.cfm?setid=8d409411-aa9f-4f3a-a52c-fbcb0c3ec053,https://dailymed.nlm.nih.gov/dailymed/services/v2/spls/8d409411-aa9f-4f3a-a52c-fbcb0c3ec053.xml,https://dailymed.nlm.nih.gov/dailymed/services/v2/spls.json?drug_name=carbamazepine&label_type=human%2Frxonly&pagesize=20,"official regulatory locator for later dose, safety, contraindication, warning, and adverse reaction extraction",source_locator_only_no_clinical_claim_extracted,
Cariprazina,cariprazine,DailyMed/FDA,official_label_located_pending_formal_review,4b5f7c65-aa2d-452a-b3db-bc85c06ff12f,"VRAYLAR (CARIPRAZINE) CAPSULE, GELATIN COATED VRAYLAR (CARIPRAZINE) KIT [ALLERGAN, INC.]","Dec 31, 2025",30,https://dailymed.nlm.nih.gov/dailymed/drugInfo.cfm?setid=4b5f7c65-aa2d-452a-b3db-bc85c06ff12f,https://dailymed.nlm.nih.gov/dailymed/services/v2/spls/4b5f7c65-aa2d-452a-b3db-bc85c06ff12f.xml,https://dailymed.nlm.nih.gov/dailymed/services/v2/spls.json?drug_name=cariprazine&label_type=human%2Frxonly&pagesize=20,"official regulatory locator for later dose, safety, contraindication, warning, and adverse reaction extraction",source_locator_only_no_clinical_claim_extracted,
Citalopram,citalopram,DailyMed/FDA,official_label_located_pending_formal_review,a7ef6ad2-5f22-4ac7-b57a-f498bcb53be1,"CITALOPRAM TABLET, FILM COATED [NORTHWIND HEALTH COMPANY, LLC]","Jul 06, 2026",6,https://dailymed.nlm.nih.gov/dailymed/drugInfo.cfm?setid=a7ef6ad2-5f22-4ac7-b57a-f498bcb53be1,https://dailymed.nlm.nih.gov/dailymed/services/v2/spls/a7ef6ad2-5f22-4ac7-b57a-f498bcb53be1.xml,https://dailymed.nlm.nih.gov/dailymed/services/v2/spls.json?drug_name=citalopram&label_type=human%2Frxonly&pagesize=20,"official regulatory locator for later dose, safety, contraindication, warning, and adverse reaction extraction",source_locator_only_no_clinical_claim_extracted,
Clobazam,clobazam,DailyMed/FDA,official_label_located_pending_formal_review,6783eaa8-e236-4957-aaa9-b42bf8e709a7,CLOBAZAM TABLET [AMNEAL PHARMACEUTICALS NY LLC],"Jul 01, 2026",10,https://dailymed.nlm.nih.gov/dailymed/drugInfo.cfm?setid=6783eaa8-e236-4957-aaa9-b42bf8e709a7,https://dailymed.nlm.nih.gov/dailymed/services/v2/spls/6783eaa8-e236-4957-aaa9-b42bf8e709a7.xml,https://dailymed.nlm.nih.gov/dailymed/services/v2/spls.json?drug_name=clobazam&label_type=human%2Frxonly&pagesize=20,"official regulatory locator for later dose, safety, contraindication, warning, and adverse reaction extraction",source_locator_only_no_clinical_claim_extracted,
Clomipramina,clomipramine,DailyMed/FDA,official_label_located_pending_formal_review,2b1bcbd9-88be-4d46-8301-10daa805dc0e,"CALMERA (CLOMIPRAMINE HYDROCHLORIDE) TABLET [ASPEN VETERINARY RESOURCES, LTD.]","Mar 11, 2026",3,https://dailymed.nlm.nih.gov/dailymed/drugInfo.cfm?setid=2b1bcbd9-88be-4d46-8301-10daa805dc0e,https://dailymed.nlm.nih.gov/dailymed/services/v2/spls/2b1bcbd9-88be-4d46-8301-10daa805dc0e.xml,https://dailymed.nlm.nih.gov/dailymed/services/v2/spls.json?drug_name=clomipramine&label_type=human%2Frxonly&pagesize=20,"official regulatory locator for later dose, safety, contraindication, warning, and adverse reaction extraction",source_locator_only_no_clinical_claim_extracted,
Clonazepam,clonazepam,DailyMed/FDA,official_label_located_pending_formal_review,30d674f9-f1b3-4c2d-a8e9-3bc8e476f1ec,CLONAZEPAM TABLET [ADVAGEN PHARMA LTD],"Jun 26, 2026",4,https://dailymed.nlm.nih.gov/dailymed/drugInfo.cfm?setid=30d674f9-f1b3-4c2d-a8e9-3bc8e476f1ec,https://dailymed.nlm.nih.gov/dailymed/services/v2/spls/30d674f9-f1b3-4c2d-a8e9-3bc8e476f1ec.xml,https://dailymed.nlm.nih.gov/dailymed/services/v2/spls.json?drug_name=clonazepam&label_type=human%2Frxonly&pagesize=20,"official regulatory locator for later dose, safety, contraindication, warning, and adverse reaction extraction",source_locator_only_no_clinical_claim_extracted,
Clonidina,clonidine,DailyMed/FDA,official_label_located_pending_formal_review,32d72d7b-5881-f431-e063-6394a90a3547,CLONIDINE HYDROCHLORIDE TABLET [ST. MARY'S MEDICAL PARK PHARMACY],"Jun 29, 2026",3,https://dailymed.nlm.nih.gov/dailymed/drugInfo.cfm?setid=32d72d7b-5881-f431-e063-6394a90a3547,https://dailymed.nlm.nih.gov/dailymed/services/v2/spls/32d72d7b-5881-f431-e063-6394a90a3547.xml,https://dailymed.nlm.nih.gov/dailymed/services/v2/spls.json?drug_name=clonidine&label_type=human%2Frxonly&pagesize=20,"official regulatory locator for later dose, safety, contraindication, warning, and adverse reaction extraction",source_locator_only_no_clinical_claim_extracted,
Clorpromazina,chlorpromazine,DailyMed/FDA,official_label_located_pending_formal_review,aa086a21-de85-4b03-af58-49b70acf8cf0,"CHLORPROMAZINE HYDROCHLORIDE TABLET, FILM COATED [AMNEAL PHARMACEUTICALS NY LLC]","Jun 30, 2026",9,https://dailymed.nlm.nih.gov/dailymed/drugInfo.cfm?setid=aa086a21-de85-4b03-af58-49b70acf8cf0,https://dailymed.nlm.nih.gov/dailymed/services/v2/spls/aa086a21-de85-4b03-af58-49b70acf8cf0.xml,https://dailymed.nlm.nih.gov/dailymed/services/v2/spls.json?drug_name=chlorpromazine&label_type=human%2Frxonly&pagesize=20,"official regulatory locator for later dose, safety, contraindication, warning, and adverse reaction extraction",source_locator_only_no_clinical_claim_extracted,
Clozapina,clozapine,DailyMed/FDA,official_label_located_pending_formal_review,883b5d43-0339-7dc1-f775-93791fb9b978,CLOZAPINE TABLET [MYLAN PHARMACEUTICALS INC.],"May 15, 2026",35,https://dailymed.nlm.nih.gov/dailymed/drugInfo.cfm?setid=883b5d43-0339-7dc1-f775-93791fb9b978,https://dailymed.nlm.nih.gov/dailymed/services/v2/spls/883b5d43-0339-7dc1-f775-93791fb9b978.xml,https://dailymed.nlm.nih.gov/dailymed/services/v2/spls.json?drug_name=clozapine&label_type=human%2Frxonly&pagesize=20,"official regulatory locator for later dose, safety, contraindication, warning, and adverse reaction extraction",source_locator_only_no_clinical_claim_extracted,
Desipramina,desipramine,DailyMed/FDA,official_label_located_pending_formal_review,a3b4b25d-0ddb-4531-badb-f1ba3168ac07,"DESIPRAMINE HYDROCHLORIDE (DESIPRAMINE) TABLET, FILM COATED [AMNEAL PHARMACEUTICALS NY LLC]","May 11, 2026",13,https://dailymed.nlm.nih.gov/dailymed/drugInfo.cfm?setid=a3b4b25d-0ddb-4531-badb-f1ba3168ac07,https://dailymed.nlm.nih.gov/dailymed/services/v2/spls/a3b4b25d-0ddb-4531-badb-f1ba3168ac07.xml,https://dailymed.nlm.nih.gov/dailymed/services/v2/spls.json?drug_name=desipramine&label_type=human%2Frxonly&pagesize=20,"official regulatory locator for later dose, safety, contraindication, warning, and adverse reaction extraction",source_locator_only_no_clinical_claim_extracted,
Desvenlafaxina,desvenlafaxine,DailyMed/FDA,official_label_located_pending_formal_review,0f43610c-f290-46ea-d186-4f998ed99fce,"PRISTIQ EXTENDED-RELEASE (DESVENLAFAXINE SUCCINATE) TABLET, EXTENDED RELEASE [WYETH PHARMACEUTICALS LLC, A SUBSIDIARY OF PFIZER INC.]","Apr 27, 2026",67,https://dailymed.nlm.nih.gov/dailymed/drugInfo.cfm?setid=0f43610c-f290-46ea-d186-4f998ed99fce,https://dailymed.nlm.nih.gov/dailymed/services/v2/spls/0f43610c-f290-46ea-d186-4f998ed99fce.xml,https://dailymed.nlm.nih.gov/dailymed/services/v2/spls.json?drug_name=desvenlafaxine&label_type=human%2Frxonly&pagesize=20,"official regulatory locator for later dose, safety, contraindication, warning, and adverse reaction extraction",source_locator_only_no_clinical_claim_extracted,
Diazepam,diazepam,DailyMed/FDA,official_label_located_pending_formal_review,f466f8a3-f31c-44f4-b0e8-444464f20f66,"DIAZEPAM INJECTION DIAZEPAM INJECTION, SOLUTION [HIKMA PHARMACEUTICALS USA INC.]","Jul 10, 2026",5,https://dailymed.nlm.nih.gov/dailymed/drugInfo.cfm?setid=f466f8a3-f31c-44f4-b0e8-444464f20f66,https://dailymed.nlm.nih.gov/dailymed/services/v2/spls/f466f8a3-f31c-44f4-b0e8-444464f20f66.xml,https://dailymed.nlm.nih.gov/dailymed/services/v2/spls.json?drug_name=diazepam&label_type=human%2Frxonly&pagesize=20,"official regulatory locator for later dose, safety, contraindication, warning, and adverse reaction extraction",source_locator_only_no_clinical_claim_extracted,
Dissulfiram,disulfiram,DailyMed/FDA,official_label_located_pending_formal_review,d3832a1a-a140-49c1-a7df-134fa81341e3,"DISULFIRAM TABLET [GOLDEN STATE MEDICAL SUPPLY, INC.]","Jun 01, 2026",11,https://dailymed.nlm.nih.gov/dailymed/drugInfo.cfm?setid=d3832a1a-a140-49c1-a7df-134fa81341e3,https://dailymed.nlm.nih.gov/dailymed/services/v2/spls/d3832a1a-a140-49c1-a7df-134fa81341e3.xml,https://dailymed.nlm.nih.gov/dailymed/services/v2/spls.json?drug_name=disulfiram&label_type=human%2Frxonly&pagesize=20,"official regulatory locator for later dose, safety, contraindication, warning, and adverse reaction extraction",source_locator_only_no_clinical_claim_extracted,
Divalproato,divalproex sodium,DailyMed/FDA,official_label_located_pending_formal_review,4ef6c5fd-42b2-4419-9b5a-e6d63571e3a0,"DIVALPROEX SODIUM TABLET, EXTENDED RELEASE [MAJOR PHARMACEUTICALS]","Jul 15, 2026",16,https://dailymed.nlm.nih.gov/dailymed/drugInfo.cfm?setid=4ef6c5fd-42b2-4419-9b5a-e6d63571e3a0,https://dailymed.nlm.nih.gov/dailymed/services/v2/spls/4ef6c5fd-42b2-4419-9b5a-e6d63571e3a0.xml,https://dailymed.nlm.nih.gov/dailymed/services/v2/spls.json?drug_name=divalproex+sodium&label_type=human%2Frxonly&pagesize=20,"official regulatory locator for later dose, safety, contraindication, warning, and adverse reaction extraction",source_locator_only_no_clinical_claim_extracted,
Donepezila,donepezil,DailyMed/FDA,official_label_located_pending_formal_review,98e451e1-e4d7-4439-a675-c5457ba20975,"ARICEPT (DONEPEZIL HYDROCHLORIDE) TABLET, FILM COATED ARICEPT ODT (DONEPEZIL HYDROCHLORIDE) TABLET, ORALLY DISINTEGRATING [EISAI INC.]","Jun 30, 2026",33,https://dailymed.nlm.nih.gov/dailymed/drugInfo.cfm?setid=98e451e1-e4d7-4439-a675-c5457ba20975,https://dailymed.nlm.nih.gov/dailymed/services/v2/spls/98e451e1-e4d7-4439-a675-c5457ba20975.xml,https://dailymed.nlm.nih.gov/dailymed/services/v2/spls.json?drug_name=donepezil&label_type=human%2Frxonly&pagesize=20,"official regulatory locator for later dose, safety, contraindication, warning, and adverse reaction extraction",source_locator_only_no_clinical_claim_extracted,
Dosulepina,dosulepin,DailyMed/FDA,not_found,,,,,,,https://dailymed.nlm.nih.gov/dailymed/services/v2/spls.json?drug_name=dosulepin&label_type=human%2Frxonly&pagesize=20,"official regulatory locator for later dose, safety, contraindication, warning, and adverse reaction extraction",official_source_not_found_in_dailymed,
Doxepina,doxepin,DailyMed/FDA,official_label_located_pending_formal_review,c42333f8-1add-4f33-9458-6fe4436874a1,"DOXEPIN TABLET, FILM COATED [ACTAVIS PHARMA, INC.]","Jul 07, 2026",5,https://dailymed.nlm.nih.gov/dailymed/drugInfo.cfm?setid=c42333f8-1add-4f33-9458-6fe4436874a1,https://dailymed.nlm.nih.gov/dailymed/services/v2/spls/c42333f8-1add-4f33-9458-6fe4436874a1.xml,https://dailymed.nlm.nih.gov/dailymed/services/v2/spls.json?drug_name=doxepin&label_type=human%2Frxonly&pagesize=20,"official regulatory locator for later dose, safety, contraindication, warning, and adverse reaction extraction",source_locator_only_no_clinical_claim_extracted,
Droperidol,droperidol,DailyMed/FDA,official_label_located_pending_formal_review,147e033d-d997-4ef6-8bb5-a9ba372590b2,"DROPERIDOL INJECTION, SOLUTION [AMERICAN REGENT, INC.]","Mar 21, 2023",8,https://dailymed.nlm.nih.gov/dailymed/drugInfo.cfm?setid=147e033d-d997-4ef6-8bb5-a9ba372590b2,https://dailymed.nlm.nih.gov/dailymed/services/v2/spls/147e033d-d997-4ef6-8bb5-a9ba372590b2.xml,https://dailymed.nlm.nih.gov/dailymed/services/v2/spls.json?drug_name=droperidol&label_type=human%2Frxonly&pagesize=20,"official regulatory locator for later dose, safety, contraindication, warning, and adverse reaction extraction",source_locator_only_no_clinical_claim_extracted,
Duloxetina,duloxetine,DailyMed/FDA,official_label_located_pending_formal_review,569582d5-cb6d-735e-e063-6394a90abfb6,"DULOXETINE CAPSULE, DELAYED RELEASE [GOLDEN STATE MEDICAL SUPPLY, INC.]","Jul 15, 2026",1,https://dailymed.nlm.nih.gov/dailymed/drugInfo.cfm?setid=569582d5-cb6d-735e-e063-6394a90abfb6,https://dailymed.nlm.nih.gov/dailymed/services/v2/spls/569582d5-cb6d-735e-e063-6394a90abfb6.xml,https://dailymed.nlm.nih.gov/dailymed/services/v2/spls.json?drug_name=duloxetine&label_type=human%2Frxonly&pagesize=20,"official regulatory locator for later dose, safety, contraindication, warning, and adverse reaction extraction",source_locator_only_no_clinical_claim_extracted,
Escitalopram,escitalopram,DailyMed/FDA,official_label_located_pending_formal_review,1b2ec266-be5b-9265-e063-6294a90a10e3,"ESCITALOPRAM TABLET, FILM COATED [ST. MARY'S MEDICAL PARK PHARMACY]","Jul 01, 2026",4,https://dailymed.nlm.nih.gov/dailymed/drugInfo.cfm?setid=1b2ec266-be5b-9265-e063-6294a90a10e3,https://dailymed.nlm.nih.gov/dailymed/services/v2/spls/1b2ec266-be5b-9265-e063-6294a90a10e3.xml,https://dailymed.nlm.nih.gov/dailymed/services/v2/spls.json?drug_name=escitalopram&label_type=human%2Frxonly&pagesize=20,"official regulatory locator for later dose, safety, contraindication, warning, and adverse reaction extraction",source_locator_only_no_clinical_claim_extracted,
Eszopiclona,eszopiclone,DailyMed/FDA,official_label_located_pending_formal_review,c4ff1d6a-918e-c046-e053-2a95a90a9c9b,"ESZOPICLONE TABLET, FILM COATED [ST MARY'S MEDICAL PARK PHARMACY]","Jun 22, 2026",2,https://dailymed.nlm.nih.gov/dailymed/drugInfo.cfm?setid=c4ff1d6a-918e-c046-e053-2a95a90a9c9b,https://dailymed.nlm.nih.gov/dailymed/services/v2/spls/c4ff1d6a-918e-c046-e053-2a95a90a9c9b.xml,https://dailymed.nlm.nih.gov/dailymed/services/v2/spls.json?drug_name=eszopiclone&label_type=human%2Frxonly&pagesize=20,"official regulatory locator for later dose, safety, contraindication, warning, and adverse reaction extraction",source_locator_only_no_clinical_claim_extracted,
Fenitoina,phenytoin,DailyMed/FDA,official_label_located_pending_formal_review,7e467c02-49a0-4b62-b537-430fdfa4f10e,EXTENDED PHENYTOIN SODIUM (PHENYTOIN SODIUM) CAPSULE [AMNEAL PHARMACEUTICALS LLC],"Jun 03, 2026",29,https://dailymed.nlm.nih.gov/dailymed/drugInfo.cfm?setid=7e467c02-49a0-4b62-b537-430fdfa4f10e,https://dailymed.nlm.nih.gov/dailymed/services/v2/spls/7e467c02-49a0-4b62-b537-430fdfa4f10e.xml,https://dailymed.nlm.nih.gov/dailymed/services/v2/spls.json?drug_name=phenytoin&label_type=human%2Frxonly&pagesize=20,"official regulatory locator for later dose, safety, contraindication, warning, and adverse reaction extraction",source_locator_only_no_clinical_claim_extracted,
Fenobarbital,phenobarbital,DailyMed/FDA,official_label_located_pending_formal_review,fa09b4f2-edb0-4594-a2d2-b16f7b9686b4,"PHENOBARBITAL TABLET [SUN PHARMACEUTICAL INDUSTRIES, INC.]","Jul 15, 2026",2,https://dailymed.nlm.nih.gov/dailymed/drugInfo.cfm?setid=fa09b4f2-edb0-4594-a2d2-b16f7b9686b4,https://dailymed.nlm.nih.gov/dailymed/services/v2/spls/fa09b4f2-edb0-4594-a2d2-b16f7b9686b4.xml,https://dailymed.nlm.nih.gov/dailymed/services/v2/spls.json?drug_name=phenobarbital&label_type=human%2Frxonly&pagesize=20,"official regulatory locator for later dose, safety, contraindication, warning, and adverse reaction extraction",source_locator_only_no_clinical_claim_extracted,
Fluoxetina,fluoxetine,DailyMed/FDA,official_label_located_pending_formal_review,77b6ae48-8e3a-42e6-9b5a-aeed750861e8,"FLUOXETINE HYDROCHLORIDE (FLUOXETINE HYDROCHLORIDE) TABLET, FILM COATED [SUN PHARMACEUTICAL INDUSTRIES, INC.]","Jul 16, 2026",6,https://dailymed.nlm.nih.gov/dailymed/drugInfo.cfm?setid=77b6ae48-8e3a-42e6-9b5a-aeed750861e8,https://dailymed.nlm.nih.gov/dailymed/services/v2/spls/77b6ae48-8e3a-42e6-9b5a-aeed750861e8.xml,https://dailymed.nlm.nih.gov/dailymed/services/v2/spls.json?drug_name=fluoxetine&label_type=human%2Frxonly&pagesize=20,"official regulatory locator for later dose, safety, contraindication, warning, and adverse reaction extraction",source_locator_only_no_clinical_claim_extracted,
Fluvoxamina,fluvoxamine,DailyMed/FDA,official_label_located_pending_formal_review,0b107225-ed5a-4461-9184-f3f2bad1892f,FLUVOXAMINE MALEATE TABLET [AMERICAN HEALTH PACKAGING],"Jun 22, 2026",4,https://dailymed.nlm.nih.gov/dailymed/drugInfo.cfm?setid=0b107225-ed5a-4461-9184-f3f2bad1892f,https://dailymed.nlm.nih.gov/dailymed/services/v2/spls/0b107225-ed5a-4461-9184-f3f2bad1892f.xml,https://dailymed.nlm.nih.gov/dailymed/services/v2/spls.json?drug_name=fluvoxamine&label_type=human%2Frxonly&pagesize=20,"official regulatory locator for later dose, safety, contraindication, warning, and adverse reaction extraction",source_locator_only_no_clinical_claim_extracted,
Galantamina,galantamine,DailyMed/FDA,official_label_located_pending_formal_review,18fd8860-d9ab-1b17-e063-6294a90aad9a,"GALANTAMINE TABLET, FILM COATED [GOLDEN STATE MEDICAL SUPPLY, INC.]","Jun 30, 2026",6,https://dailymed.nlm.nih.gov/dailymed/drugInfo.cfm?setid=18fd8860-d9ab-1b17-e063-6294a90aad9a,https://dailymed.nlm.nih.gov/dailymed/services/v2/spls/18fd8860-d9ab-1b17-e063-6294a90aad9a.xml,https://dailymed.nlm.nih.gov/dailymed/services/v2/spls.json?drug_name=galantamine&label_type=human%2Frxonly&pagesize=20,"official regulatory locator for later dose, safety, contraindication, warning, and adverse reaction extraction",source_locator_only_no_clinical_claim_extracted,
Guanfacina XR,guanfacine,DailyMed/FDA,official_label_located_pending_formal_review,35d3c996-1755-c017-e063-6294a90abc1f,"GUANFACINE TABLET, EXTENDED RELEASE [ST. MARY'S MEDICAL PARK PHARMACY]","Jun 26, 2026",2,https://dailymed.nlm.nih.gov/dailymed/drugInfo.cfm?setid=35d3c996-1755-c017-e063-6294a90abc1f,https://dailymed.nlm.nih.gov/dailymed/services/v2/spls/35d3c996-1755-c017-e063-6294a90abc1f.xml,https://dailymed.nlm.nih.gov/dailymed/services/v2/spls.json?drug_name=guanfacine&label_type=human%2Frxonly&pagesize=20,"official regulatory locator for later dose, safety, contraindication, warning, and adverse reaction extraction",source_locator_only_no_clinical_claim_extracted,
Haloperidol,haloperidol,DailyMed/FDA,official_label_located_pending_formal_review,e2eed126-cb82-42b1-9b48-9cbeb6873b50,"HALOPERIDOL (HALOPERIDOL LACTATE) INJECTION, SOLUTION [CARDINAL HEALTH 107, LLC]","Jul 01, 2026",14,https://dailymed.nlm.nih.gov/dailymed/drugInfo.cfm?setid=e2eed126-cb82-42b1-9b48-9cbeb6873b50,https://dailymed.nlm.nih.gov/dailymed/services/v2/spls/e2eed126-cb82-42b1-9b48-9cbeb6873b50.xml,https://dailymed.nlm.nih.gov/dailymed/services/v2/spls.json?drug_name=haloperidol&label_type=human%2Frxonly&pagesize=20,"official regulatory locator for later dose, safety, contraindication, warning, and adverse reaction extraction",source_locator_only_no_clinical_claim_extracted,
Imipramina,imipramine,DailyMed/FDA,official_label_located_pending_formal_review,51d3b181-0d15-4782-a966-feb137972b18,IMIPRAMINE HYDROCHLORIDE TABLET [STRIDES PHARMA SCIENCE LIMITED],"Jul 02, 2026",6,https://dailymed.nlm.nih.gov/dailymed/drugInfo.cfm?setid=51d3b181-0d15-4782-a966-feb137972b18,https://dailymed.nlm.nih.gov/dailymed/services/v2/spls/51d3b181-0d15-4782-a966-feb137972b18.xml,https://dailymed.nlm.nih.gov/dailymed/services/v2/spls.json?drug_name=imipramine&label_type=human%2Frxonly&pagesize=20,"official regulatory locator for later dose, safety, contraindication, warning, and adverse reaction extraction",source_locator_only_no_clinical_claim_extracted,
Lamotrigina,lamotrigine,DailyMed/FDA,official_label_located_pending_formal_review,55f41c7e-03a6-b84c-e063-6294a90a7d82,LAMOTRIGINE TABLET [COUPLER LLC],"Jul 07, 2026",1,https://dailymed.nlm.nih.gov/dailymed/drugInfo.cfm?setid=55f41c7e-03a6-b84c-e063-6294a90a7d82,https://dailymed.nlm.nih.gov/dailymed/services/v2/spls/55f41c7e-03a6-b84c-e063-6294a90a7d82.xml,https://dailymed.nlm.nih.gov/dailymed/services/v2/spls.json?drug_name=lamotrigine&label_type=human%2Frxonly&pagesize=20,"official regulatory locator for later dose, safety, contraindication, warning, and adverse reaction extraction",source_locator_only_no_clinical_claim_extracted,
Levomepromazina,levomepromazine,DailyMed/FDA,not_found,,,,,,,https://dailymed.nlm.nih.gov/dailymed/services/v2/spls.json?drug_name=levomepromazine&label_type=human%2Frxonly&pagesize=20,"official regulatory locator for later dose, safety, contraindication, warning, and adverse reaction extraction",official_source_not_found_in_dailymed,
Lisdexanfetamina,lisdexamfetamine,DailyMed/FDA,official_label_located_pending_formal_review,c56b4712-2fb8-4c7a-bfbd-0401d9f5f92a,"LISDEXAMFETAMINE DIMESYLATE TABLET, CHEWABLE [GRANULES PHARMACEUTICALS INC.]","Jul 15, 2026",4,https://dailymed.nlm.nih.gov/dailymed/drugInfo.cfm?setid=c56b4712-2fb8-4c7a-bfbd-0401d9f5f92a,https://dailymed.nlm.nih.gov/dailymed/services/v2/spls/c56b4712-2fb8-4c7a-bfbd-0401d9f5f92a.xml,https://dailymed.nlm.nih.gov/dailymed/services/v2/spls.json?drug_name=lisdexamfetamine&label_type=human%2Frxonly&pagesize=20,"official regulatory locator for later dose, safety, contraindication, warning, and adverse reaction extraction",source_locator_only_no_clinical_claim_extracted,
Litio,lithium,DailyMed/FDA,official_label_located_pending_formal_review,049902a9-3af1-4863-994e-15f36e7a9793,LITHIUM CARBONATE CAPSULE [AMERICAN HEALTH PACKAGING],"Jun 15, 2026",3,https://dailymed.nlm.nih.gov/dailymed/drugInfo.cfm?setid=049902a9-3af1-4863-994e-15f36e7a9793,https://dailymed.nlm.nih.gov/dailymed/services/v2/spls/049902a9-3af1-4863-994e-15f36e7a9793.xml,https://dailymed.nlm.nih.gov/dailymed/services/v2/spls.json?drug_name=lithium&label_type=human%2Frxonly&pagesize=20,"official regulatory locator for later dose, safety, contraindication, warning, and adverse reaction extraction",source_locator_only_no_clinical_claim_extracted,
Lorazepam,lorazepam,DailyMed/FDA,official_label_located_pending_formal_review,569e8a5a-ddf7-ebbc-e063-6294a90ab7a4,LORAZEPAM TABLET [ST. MARY'S MEDICAL PARK PHARMACY],"Jul 16, 2026",1,https://dailymed.nlm.nih.gov/dailymed/drugInfo.cfm?setid=569e8a5a-ddf7-ebbc-e063-6294a90ab7a4,https://dailymed.nlm.nih.gov/dailymed/services/v2/spls/569e8a5a-ddf7-ebbc-e063-6294a90ab7a4.xml,https://dailymed.nlm.nih.gov/dailymed/services/v2/spls.json?drug_name=lorazepam&label_type=human%2Frxonly&pagesize=20,"official regulatory locator for later dose, safety, contraindication, warning, and adverse reaction extraction",source_locator_only_no_clinical_claim_extracted,
Lurasidona,lurasidone,DailyMed/FDA,official_label_located_pending_formal_review,b3e9cc86-0c5c-444f-ab57-f4d1a6865035,LURASIDONE HYDROCHLORIDE TABLET [AUROBINDO PHARMA LIMITED],"Jul 09, 2026",5,https://dailymed.nlm.nih.gov/dailymed/drugInfo.cfm?setid=b3e9cc86-0c5c-444f-ab57-f4d1a6865035,https://dailymed.nlm.nih.gov/dailymed/services/v2/spls/b3e9cc86-0c5c-444f-ab57-f4d1a6865035.xml,https://dailymed.nlm.nih.gov/dailymed/services/v2/spls.json?drug_name=lurasidone&label_type=human%2Frxonly&pagesize=20,"official regulatory locator for later dose, safety, contraindication, warning, and adverse reaction extraction",source_locator_only_no_clinical_claim_extracted,
Maprotilina,maprotiline,DailyMed/FDA,not_found,,,,,,,https://dailymed.nlm.nih.gov/dailymed/services/v2/spls.json?drug_name=maprotiline&label_type=human%2Frxonly&pagesize=20,"official regulatory locator for later dose, safety, contraindication, warning, and adverse reaction extraction",official_source_not_found_in_dailymed,
Memantina,memantine,DailyMed/FDA,official_label_located_pending_formal_review,becb09dc-174d-4817-88d4-f38c8adcd309,MEMANTINE HYDROCHLORIDE TABLET [PREFERRED PHARMACEUTICALS INC.],"Jun 19, 2026",3,https://dailymed.nlm.nih.gov/dailymed/drugInfo.cfm?setid=becb09dc-174d-4817-88d4-f38c8adcd309,https://dailymed.nlm.nih.gov/dailymed/services/v2/spls/becb09dc-174d-4817-88d4-f38c8adcd309.xml,https://dailymed.nlm.nih.gov/dailymed/services/v2/spls.json?drug_name=memantine&label_type=human%2Frxonly&pagesize=20,"official regulatory locator for later dose, safety, contraindication, warning, and adverse reaction extraction",source_locator_only_no_clinical_claim_extracted,
Metadona,methadone,DailyMed/FDA,official_label_located_pending_formal_review,13541167-95f4-4cb9-9d7d-3c1aced5c5f6,"METHADONE HYDROCHLORIDE INJECTION, SOLUTION [BRECKENRIDGE PHARMACEUTICAL INC]","Jun 18, 2026",3,https://dailymed.nlm.nih.gov/dailymed/drugInfo.cfm?setid=13541167-95f4-4cb9-9d7d-3c1aced5c5f6,https://dailymed.nlm.nih.gov/dailymed/services/v2/spls/13541167-95f4-4cb9-9d7d-3c1aced5c5f6.xml,https://dailymed.nlm.nih.gov/dailymed/services/v2/spls.json?drug_name=methadone&label_type=human%2Frxonly&pagesize=20,"official regulatory locator for later dose, safety, contraindication, warning, and adverse reaction extraction",source_locator_only_no_clinical_claim_extracted,
Metilfenidato IR,methylphenidate,DailyMed/FDA,official_label_located_pending_formal_review,defc1205-8e90-4b1e-b862-05e4c35c7364,"QUILLICHEW ER (METHYLPHENIDATE HYDROCHLORIDE) TABLET, CHEWABLE, EXTENDED RELEASE [NEXTWAVE PHARMACEUTICALS, INC]","Jul 07, 2026",31,https://dailymed.nlm.nih.gov/dailymed/drugInfo.cfm?setid=defc1205-8e90-4b1e-b862-05e4c35c7364,https://dailymed.nlm.nih.gov/dailymed/services/v2/spls/defc1205-8e90-4b1e-b862-05e4c35c7364.xml,https://dailymed.nlm.nih.gov/dailymed/services/v2/spls.json?drug_name=methylphenidate&label_type=human%2Frxonly&pagesize=20,"official regulatory locator for later dose, safety, contraindication, warning, and adverse reaction extraction",source_locator_only_no_clinical_claim_extracted,
Metilfenidato LP,methylphenidate,DailyMed/FDA,official_label_located_pending_formal_review,defc1205-8e90-4b1e-b862-05e4c35c7364,"QUILLICHEW ER (METHYLPHENIDATE HYDROCHLORIDE) TABLET, CHEWABLE, EXTENDED RELEASE [NEXTWAVE PHARMACEUTICALS, INC]","Jul 07, 2026",31,https://dailymed.nlm.nih.gov/dailymed/drugInfo.cfm?setid=defc1205-8e90-4b1e-b862-05e4c35c7364,https://dailymed.nlm.nih.gov/dailymed/services/v2/spls/defc1205-8e90-4b1e-b862-05e4c35c7364.xml,https://dailymed.nlm.nih.gov/dailymed/services/v2/spls.json?drug_name=methylphenidate&label_type=human%2Frxonly&pagesize=20,"official regulatory locator for later dose, safety, contraindication, warning, and adverse reaction extraction",source_locator_only_no_clinical_claim_extracted,
Mianserina,mianserin,DailyMed/FDA,not_found,,,,,,,https://dailymed.nlm.nih.gov/dailymed/services/v2/spls.json?drug_name=mianserin&label_type=human%2Frxonly&pagesize=20,"official regulatory locator for later dose, safety, contraindication, warning, and adverse reaction extraction",official_source_not_found_in_dailymed,
Midazolam,midazolam,DailyMed/FDA,official_label_located_pending_formal_review,54ed43b2-bad1-4b45-e063-6294a90a793a,"MIDAZOLAM (MIDAZOLAM HYDROCHLORIDE) INJECTION, SOLUTION [ONESOURCE SPECIALTY PHARMA LIMITED]","Jun 24, 2026",1,https://dailymed.nlm.nih.gov/dailymed/drugInfo.cfm?setid=54ed43b2-bad1-4b45-e063-6294a90a793a,https://dailymed.nlm.nih.gov/dailymed/services/v2/spls/54ed43b2-bad1-4b45-e063-6294a90a793a.xml,https://dailymed.nlm.nih.gov/dailymed/services/v2/spls.json?drug_name=midazolam&label_type=human%2Frxonly&pagesize=20,"official regulatory locator for later dose, safety, contraindication, warning, and adverse reaction extraction",source_locator_only_no_clinical_claim_extracted,
Mirtazapina,mirtazapine,DailyMed/FDA,official_label_located_pending_formal_review,2a0689ae-5650-42d1-ac9d-56dd2b467727,"MIRTAZAPINE TABLET, FILM COATED [PREFERRED PHARMACEUTICALS INC.]","Jul 15, 2026",3,https://dailymed.nlm.nih.gov/dailymed/drugInfo.cfm?setid=2a0689ae-5650-42d1-ac9d-56dd2b467727,https://dailymed.nlm.nih.gov/dailymed/services/v2/spls/2a0689ae-5650-42d1-ac9d-56dd2b467727.xml,https://dailymed.nlm.nih.gov/dailymed/services/v2/spls.json?drug_name=mirtazapine&label_type=human%2Frxonly&pagesize=20,"official regulatory locator for later dose, safety, contraindication, warning, and adverse reaction extraction",source_locator_only_no_clinical_claim_extracted,
Naloxona,naloxone,DailyMed/FDA,official_label_located_pending_formal_review,2e807ed0-6df3-47b5-b7ee-b421c5bf0aa7,"BUPRENORPHINE AND NALOXONE TABLET [ASCEND LABORATORIES, LLC]","Jul 06, 2026",19,https://dailymed.nlm.nih.gov/dailymed/drugInfo.cfm?setid=2e807ed0-6df3-47b5-b7ee-b421c5bf0aa7,https://dailymed.nlm.nih.gov/dailymed/services/v2/spls/2e807ed0-6df3-47b5-b7ee-b421c5bf0aa7.xml,https://dailymed.nlm.nih.gov/dailymed/services/v2/spls.json?drug_name=naloxone&label_type=human%2Frxonly&pagesize=20,"official regulatory locator for later dose, safety, contraindication, warning, and adverse reaction extraction",source_locator_only_no_clinical_claim_extracted,
Naltrexona,naltrexone,DailyMed/FDA,official_label_located_pending_formal_review,56055980-d23b-ec7d-e063-6394a90a9cc2,"NALTREXONE HYDROCHLORIDE TABLET, FILM COATED [COUPLER LLC]","Jul 10, 2026",1,https://dailymed.nlm.nih.gov/dailymed/drugInfo.cfm?setid=56055980-d23b-ec7d-e063-6394a90a9cc2,https://dailymed.nlm.nih.gov/dailymed/services/v2/spls/56055980-d23b-ec7d-e063-6394a90a9cc2.xml,https://dailymed.nlm.nih.gov/dailymed/services/v2/spls.json?drug_name=naltrexone&label_type=human%2Frxonly&pagesize=20,"official regulatory locator for later dose, safety, contraindication, warning, and adverse reaction extraction",source_locator_only_no_clinical_claim_extracted,
Nortriptilina,nortriptyline,DailyMed/FDA,official_label_located_pending_formal_review,aee2c1a1-d848-4c3b-8c6d-8a4f6ce94c28,"NORTRIPTYLINE HYDROCHLORIDE CAPSULE [SUN PHARMACEUTICAL INDUSTRIES, INC.]","Jul 16, 2026",11,https://dailymed.nlm.nih.gov/dailymed/drugInfo.cfm?setid=aee2c1a1-d848-4c3b-8c6d-8a4f6ce94c28,https://dailymed.nlm.nih.gov/dailymed/services/v2/spls/aee2c1a1-d848-4c3b-8c6d-8a4f6ce94c28.xml,https://dailymed.nlm.nih.gov/dailymed/services/v2/spls.json?drug_name=nortriptyline&label_type=human%2Frxonly&pagesize=20,"official regulatory locator for later dose, safety, contraindication, warning, and adverse reaction extraction",source_locator_only_no_clinical_claim_extracted,
Olanzapina,olanzapine,DailyMed/FDA,official_label_located_pending_formal_review,0ecbf540-572e-4ca4-b694-18ca1cd1c194,"OLANZAPINE TABLET, FILM COATED [MAJOR PHARMACEUTICALS]","Jul 15, 2026",14,https://dailymed.nlm.nih.gov/dailymed/drugInfo.cfm?setid=0ecbf540-572e-4ca4-b694-18ca1cd1c194,https://dailymed.nlm.nih.gov/dailymed/services/v2/spls/0ecbf540-572e-4ca4-b694-18ca1cd1c194.xml,https://dailymed.nlm.nih.gov/dailymed/services/v2/spls.json?drug_name=olanzapine&label_type=human%2Frxonly&pagesize=20,"official regulatory locator for later dose, safety, contraindication, warning, and adverse reaction extraction",source_locator_only_no_clinical_claim_extracted,
Oxazepam,oxazepam,DailyMed/FDA,official_label_located_pending_formal_review,a0d5a4c1-ec79-42e6-8e8f-ae4d144edb43,"OXAZEPAM CAPSULE, GELATIN COATED [ACTAVIS PHARMA, INC.]","Nov 17, 2025",20,https://dailymed.nlm.nih.gov/dailymed/drugInfo.cfm?setid=a0d5a4c1-ec79-42e6-8e8f-ae4d144edb43,https://dailymed.nlm.nih.gov/dailymed/services/v2/spls/a0d5a4c1-ec79-42e6-8e8f-ae4d144edb43.xml,https://dailymed.nlm.nih.gov/dailymed/services/v2/spls.json?drug_name=oxazepam&label_type=human%2Frxonly&pagesize=20,"official regulatory locator for later dose, safety, contraindication, warning, and adverse reaction extraction",source_locator_only_no_clinical_claim_extracted,
Oxcarbazepina,oxcarbazepine,DailyMed/FDA,official_label_located_pending_formal_review,867eaf99-3e31-4f75-bfae-2898804d956d,"OXCARBAZEPINE TABLET, FILM COATED [ANI PHARMACEUTICALS, INC.]","Jul 15, 2026",3,https://dailymed.nlm.nih.gov/dailymed/drugInfo.cfm?setid=867eaf99-3e31-4f75-bfae-2898804d956d,https://dailymed.nlm.nih.gov/dailymed/services/v2/spls/867eaf99-3e31-4f75-bfae-2898804d956d.xml,https://dailymed.nlm.nih.gov/dailymed/services/v2/spls.json?drug_name=oxcarbazepine&label_type=human%2Frxonly&pagesize=20,"official regulatory locator for later dose, safety, contraindication, warning, and adverse reaction extraction",source_locator_only_no_clinical_claim_extracted,
Paliperidona,paliperidone,DailyMed/FDA,official_label_located_pending_formal_review,71985eb4-07df-41c9-8b9a-85f39e92b7d0,"PALIPERIDONE TABLET, EXTENDED RELEASE [AJANTA PHARMA USA INC.]","Jun 15, 2026",5,https://dailymed.nlm.nih.gov/dailymed/drugInfo.cfm?setid=71985eb4-07df-41c9-8b9a-85f39e92b7d0,https://dailymed.nlm.nih.gov/dailymed/services/v2/spls/71985eb4-07df-41c9-8b9a-85f39e92b7d0.xml,https://dailymed.nlm.nih.gov/dailymed/services/v2/spls.json?drug_name=paliperidone&label_type=human%2Frxonly&pagesize=20,"official regulatory locator for later dose, safety, contraindication, warning, and adverse reaction extraction",source_locator_only_no_clinical_claim_extracted,
Paroxetina,paroxetine,DailyMed/FDA,official_label_located_pending_formal_review,118320de-0632-4139-8b13-7428b41da0ac,"PAROXETINE (PAROXETINE HYDROCHLORIDE) TABLET, FILM COATED [NORTHSTAR RX LLC]","Jul 13, 2026",6,https://dailymed.nlm.nih.gov/dailymed/drugInfo.cfm?setid=118320de-0632-4139-8b13-7428b41da0ac,https://dailymed.nlm.nih.gov/dailymed/services/v2/spls/118320de-0632-4139-8b13-7428b41da0ac.xml,https://dailymed.nlm.nih.gov/dailymed/services/v2/spls.json?drug_name=paroxetine&label_type=human%2Frxonly&pagesize=20,"official regulatory locator for later dose, safety, contraindication, warning, and adverse reaction extraction",source_locator_only_no_clinical_claim_extracted,
Prometazina,promethazine,DailyMed/FDA,official_label_located_pending_formal_review,3983d6d3-8bf4-4a88-962f-9bf72fd6e685,PROMETHAZINE HYDROCHLORIDE AND DEXTROMETHORPHAN HYDROBROMIDE ORAL SOLUTION SOLUTION [ATLANTIC BIOLOGICALS CORP.],"Jul 13, 2026",4,https://dailymed.nlm.nih.gov/dailymed/drugInfo.cfm?setid=3983d6d3-8bf4-4a88-962f-9bf72fd6e685,https://dailymed.nlm.nih.gov/dailymed/services/v2/spls/3983d6d3-8bf4-4a88-962f-9bf72fd6e685.xml,https://dailymed.nlm.nih.gov/dailymed/services/v2/spls.json?drug_name=promethazine&label_type=human%2Frxonly&pagesize=20,"official regulatory locator for later dose, safety, contraindication, warning, and adverse reaction extraction",source_locator_only_no_clinical_claim_extracted,
Quetiapina,quetiapine,DailyMed/FDA,official_label_located_pending_formal_review,5643d339-50ea-405d-e063-6394a90a3b70,QUETIAPINE FUMARATE (QUETIAPINE) TABLET [COUPLER LLC],"Jul 13, 2026",1,https://dailymed.nlm.nih.gov/dailymed/drugInfo.cfm?setid=5643d339-50ea-405d-e063-6394a90a3b70,https://dailymed.nlm.nih.gov/dailymed/services/v2/spls/5643d339-50ea-405d-e063-6394a90a3b70.xml,https://dailymed.nlm.nih.gov/dailymed/services/v2/spls.json?drug_name=quetiapine&label_type=human%2Frxonly&pagesize=20,"official regulatory locator for later dose, safety, contraindication, warning, and adverse reaction extraction",source_locator_only_no_clinical_claim_extracted,
Risperidona,risperidone,DailyMed/FDA,official_label_located_pending_formal_review,5643c32b-310e-4888-e063-6394a90ab62f,RISPERIDONE TABLET [COUPLER LLC],"Jul 15, 2026",2,https://dailymed.nlm.nih.gov/dailymed/drugInfo.cfm?setid=5643c32b-310e-4888-e063-6394a90ab62f,https://dailymed.nlm.nih.gov/dailymed/services/v2/spls/5643c32b-310e-4888-e063-6394a90ab62f.xml,https://dailymed.nlm.nih.gov/dailymed/services/v2/spls.json?drug_name=risperidone&label_type=human%2Frxonly&pagesize=20,"official regulatory locator for later dose, safety, contraindication, warning, and adverse reaction extraction",source_locator_only_no_clinical_claim_extracted,
Rivastigmina,rivastigmine,DailyMed/FDA,official_label_located_pending_formal_review,52781229-ee82-43f9-a113-4419a611978d,RIVASTIGMINE TARTRATE CAPSULE [AMERICAN HEALTH PACKAGING],"Nov 21, 2025",2,https://dailymed.nlm.nih.gov/dailymed/drugInfo.cfm?setid=52781229-ee82-43f9-a113-4419a611978d,https://dailymed.nlm.nih.gov/dailymed/services/v2/spls/52781229-ee82-43f9-a113-4419a611978d.xml,https://dailymed.nlm.nih.gov/dailymed/services/v2/spls.json?drug_name=rivastigmine&label_type=human%2Frxonly&pagesize=20,"official regulatory locator for later dose, safety, contraindication, warning, and adverse reaction extraction",source_locator_only_no_clinical_claim_extracted,
Sertralina,sertraline,DailyMed/FDA,official_label_located_pending_formal_review,4ddfd698-3d47-fc0e-e063-6394a90accec,"SERTRALINE HYDROCHLORIDE TABLET, FILM COATED [NORTHWIND HEALTH COMPANY, LLC]","Jul 15, 2026",2,https://dailymed.nlm.nih.gov/dailymed/drugInfo.cfm?setid=4ddfd698-3d47-fc0e-e063-6394a90accec,https://dailymed.nlm.nih.gov/dailymed/services/v2/spls/4ddfd698-3d47-fc0e-e063-6394a90accec.xml,https://dailymed.nlm.nih.gov/dailymed/services/v2/spls.json?drug_name=sertraline&label_type=human%2Frxonly&pagesize=20,"official regulatory locator for later dose, safety, contraindication, warning, and adverse reaction extraction",source_locator_only_no_clinical_claim_extracted,
Sulpirida,sulpiride,DailyMed/FDA,official_label_located_pending_formal_review,50a8c251-35ab-41f5-b7b7-3a4dd2222906,"SULPIRIDE POWDER [DARMERICA, LLC]","Jan 06, 2026",3,https://dailymed.nlm.nih.gov/dailymed/drugInfo.cfm?setid=50a8c251-35ab-41f5-b7b7-3a4dd2222906,https://dailymed.nlm.nih.gov/dailymed/services/v2/spls/50a8c251-35ab-41f5-b7b7-3a4dd2222906.xml,https://dailymed.nlm.nih.gov/dailymed/services/v2/spls.json?drug_name=sulpiride&label_type=human%2Frxonly&pagesize=20,"official regulatory locator for later dose, safety, contraindication, warning, and adverse reaction extraction",source_locator_only_no_clinical_claim_extracted,
Temazepam,temazepam,DailyMed/FDA,official_label_located_pending_formal_review,bc56f7fd-1aaf-48ff-8aa7-d467e59e1015,RESTORIL (TEMAZEPAM) CAPSULE [SPECGX LLC],"Jun 15, 2026",25,https://dailymed.nlm.nih.gov/dailymed/drugInfo.cfm?setid=bc56f7fd-1aaf-48ff-8aa7-d467e59e1015,https://dailymed.nlm.nih.gov/dailymed/services/v2/spls/bc56f7fd-1aaf-48ff-8aa7-d467e59e1015.xml,https://dailymed.nlm.nih.gov/dailymed/services/v2/spls.json?drug_name=temazepam&label_type=human%2Frxonly&pagesize=20,"official regulatory locator for later dose, safety, contraindication, warning, and adverse reaction extraction",source_locator_only_no_clinical_claim_extracted,
Tioridazina,thioridazine,DailyMed/FDA,official_label_located_pending_formal_review,1fd16a99-e856-4a37-9dae-c443714fac14,"THIORIDAZINE HYDROCHLORIDE TABLET, FILM COATED [SAFECOR HEALTH LLC]","Mar 04, 2026",2,https://dailymed.nlm.nih.gov/dailymed/drugInfo.cfm?setid=1fd16a99-e856-4a37-9dae-c443714fac14,https://dailymed.nlm.nih.gov/dailymed/services/v2/spls/1fd16a99-e856-4a37-9dae-c443714fac14.xml,https://dailymed.nlm.nih.gov/dailymed/services/v2/spls.json?drug_name=thioridazine&label_type=human%2Frxonly&pagesize=20,"official regulatory locator for later dose, safety, contraindication, warning, and adverse reaction extraction",source_locator_only_no_clinical_claim_extracted,
Topiramato,topiramate,DailyMed/FDA,official_label_located_pending_formal_review,46a305cb-ab73-0bca-e063-6294a90a9b85,"TOPIRAMATE TABLET, FILM COATED [ST. MARY'S MEDICAL PARK PHARMACY]","Jul 16, 2026",3,https://dailymed.nlm.nih.gov/dailymed/drugInfo.cfm?setid=46a305cb-ab73-0bca-e063-6294a90a9b85,https://dailymed.nlm.nih.gov/dailymed/services/v2/spls/46a305cb-ab73-0bca-e063-6294a90a9b85.xml,https://dailymed.nlm.nih.gov/dailymed/services/v2/spls.json?drug_name=topiramate&label_type=human%2Frxonly&pagesize=20,"official regulatory locator for later dose, safety, contraindication, warning, and adverse reaction extraction",source_locator_only_no_clinical_claim_extracted,
Trazodona,trazodone,DailyMed/FDA,official_label_located_pending_formal_review,5bc5f266-6c0e-4b9a-b6e0-ea694928b948,TRAZODONE HYDROCHLORIDE TABLET [GRANULES PHARMACEUTICALS INC.],"Jul 13, 2026",6,https://dailymed.nlm.nih.gov/dailymed/drugInfo.cfm?setid=5bc5f266-6c0e-4b9a-b6e0-ea694928b948,https://dailymed.nlm.nih.gov/dailymed/services/v2/spls/5bc5f266-6c0e-4b9a-b6e0-ea694928b948.xml,https://dailymed.nlm.nih.gov/dailymed/services/v2/spls.json?drug_name=trazodone&label_type=human%2Frxonly&pagesize=20,"official regulatory locator for later dose, safety, contraindication, warning, and adverse reaction extraction",source_locator_only_no_clinical_claim_extracted,
Valproato,valproic acid,DailyMed/FDA,official_label_located_pending_formal_review,4b619f73-44e5-4a99-b425-a96cb2228c87,VALPROIC ACID SOLUTION [AMERICAN HEALTH PACKAGING],"Jul 10, 2026",1,https://dailymed.nlm.nih.gov/dailymed/drugInfo.cfm?setid=4b619f73-44e5-4a99-b425-a96cb2228c87,https://dailymed.nlm.nih.gov/dailymed/services/v2/spls/4b619f73-44e5-4a99-b425-a96cb2228c87.xml,https://dailymed.nlm.nih.gov/dailymed/services/v2/spls.json?drug_name=valproic+acid&label_type=human%2Frxonly&pagesize=20,"official regulatory locator for later dose, safety, contraindication, warning, and adverse reaction extraction",source_locator_only_no_clinical_claim_extracted,
Venlafaxina,venlafaxine,DailyMed/FDA,official_label_located_pending_formal_review,38fd2c97-cd30-2f7d-e054-00144ff8d46c,"VENLAFAXINE HYDROCHLORIDE TABLET [YAOPHARMA CO., LTD.]","Jul 09, 2026",20,https://dailymed.nlm.nih.gov/dailymed/drugInfo.cfm?setid=38fd2c97-cd30-2f7d-e054-00144ff8d46c,https://dailymed.nlm.nih.gov/dailymed/services/v2/spls/38fd2c97-cd30-2f7d-e054-00144ff8d46c.xml,https://dailymed.nlm.nih.gov/dailymed/services/v2/spls.json?drug_name=venlafaxine&label_type=human%2Frxonly&pagesize=20,"official regulatory locator for later dose, safety, contraindication, warning, and adverse reaction extraction",source_locator_only_no_clinical_claim_extracted,
Venlafaxina XR,venlafaxine,DailyMed/FDA,official_label_located_pending_formal_review,38fd2c97-cd30-2f7d-e054-00144ff8d46c,"VENLAFAXINE HYDROCHLORIDE TABLET [YAOPHARMA CO., LTD.]","Jul 09, 2026",20,https://dailymed.nlm.nih.gov/dailymed/drugInfo.cfm?setid=38fd2c97-cd30-2f7d-e054-00144ff8d46c,https://dailymed.nlm.nih.gov/dailymed/services/v2/spls/38fd2c97-cd30-2f7d-e054-00144ff8d46c.xml,https://dailymed.nlm.nih.gov/dailymed/services/v2/spls.json?drug_name=venlafaxine&label_type=human%2Frxonly&pagesize=20,"official regulatory locator for later dose, safety, contraindication, warning, and adverse reaction extraction",source_locator_only_no_clinical_claim_extracted,
Vilazodona,vilazodone,DailyMed/FDA,official_label_located_pending_formal_review,4c55ccfb-c4cf-11df-851a-0800200c9a66,"VIIBRYD (VILAZODONE HYDROCHLORIDE) TABLET VIIBRYD (VILAZODONE HYDROCHLORIDE) KIT [ALLERGAN, INC.]","Dec 22, 2025",34,https://dailymed.nlm.nih.gov/dailymed/drugInfo.cfm?setid=4c55ccfb-c4cf-11df-851a-0800200c9a66,https://dailymed.nlm.nih.gov/dailymed/services/v2/spls/4c55ccfb-c4cf-11df-851a-0800200c9a66.xml,https://dailymed.nlm.nih.gov/dailymed/services/v2/spls.json?drug_name=vilazodone&label_type=human%2Frxonly&pagesize=20,"official regulatory locator for later dose, safety, contraindication, warning, and adverse reaction extraction",source_locator_only_no_clinical_claim_extracted,
Vortioxetina,vortioxetine,DailyMed/FDA,official_label_located_pending_formal_review,cb1e9df4-dd74-4073-9d78-bb55593dd000,"TRINTELLIX (VORTIOXETINE) TABLET, FILM COATED [CARDINAL HEALTH 107, LLC]","Feb 23, 2026",21,https://dailymed.nlm.nih.gov/dailymed/drugInfo.cfm?setid=cb1e9df4-dd74-4073-9d78-bb55593dd000,https://dailymed.nlm.nih.gov/dailymed/services/v2/spls/cb1e9df4-dd74-4073-9d78-bb55593dd000.xml,https://dailymed.nlm.nih.gov/dailymed/services/v2/spls.json?drug_name=vortioxetine&label_type=human%2Frxonly&pagesize=20,"official regulatory locator for later dose, safety, contraindication, warning, and adverse reaction extraction",source_locator_only_no_clinical_claim_extracted,
Ziprasidona,ziprasidone,DailyMed/FDA,official_label_located_pending_formal_review,b1f52226-4fb4-48bf-8bfd-0c9df6ca02fa,"ZIPRASIDONE HYDROCHLORIDE (ZIPRASIDONE HCL) CAPSULE [GOLDEN STATE MEDICAL SUPPLY, INC.]","Jun 30, 2026",13,https://dailymed.nlm.nih.gov/dailymed/drugInfo.cfm?setid=b1f52226-4fb4-48bf-8bfd-0c9df6ca02fa,https://dailymed.nlm.nih.gov/dailymed/services/v2/spls/b1f52226-4fb4-48bf-8bfd-0c9df6ca02fa.xml,https://dailymed.nlm.nih.gov/dailymed/services/v2/spls.json?drug_name=ziprasidone&label_type=human%2Frxonly&pagesize=20,"official regulatory locator for later dose, safety, contraindication, warning, and adverse reaction extraction",source_locator_only_no_clinical_claim_extracted,
Zolpidem,zolpidem,DailyMed/FDA,official_label_located_pending_formal_review,9025a6f7-5501-4aba-875e-222ef39848c0,ZOLPIDEM TARTRATE CAPSULE [TORRENT PHARMACEUTICALS LIMITED],"Jul 16, 2026",1,https://dailymed.nlm.nih.gov/dailymed/drugInfo.cfm?setid=9025a6f7-5501-4aba-875e-222ef39848c0,https://dailymed.nlm.nih.gov/dailymed/services/v2/spls/9025a6f7-5501-4aba-875e-222ef39848c0.xml,https://dailymed.nlm.nih.gov/dailymed/services/v2/spls.json?drug_name=zolpidem&label_type=human%2Frxonly&pagesize=20,"official regulatory locator for later dose, safety, contraindication, warning, and adverse reaction extraction",source_locator_only_no_clinical_claim_extracted,
Zopiclona,zopiclone,DailyMed/FDA,not_found,,,,,,,https://dailymed.nlm.nih.gov/dailymed/services/v2/spls.json?drug_name=zopiclone&label_type=human%2Frxonly&pagesize=20,"official regulatory locator for later dose, safety, contraindication, warning, and adverse reaction extraction",official_source_not_found_in_dailymed,
