medication_id,medication_name,drug_class,backlog_rows,known_fields,pending_fields,not_registered_fields,source_reference,source_status,next_research_need
agomelatina,Agomelatina,Atipico antidepressivo,1,drug_class | dose_band | dominant_effect | pharmacological_target | receptor_or_mechanism | anxiety_score | sleep_score | mood_score | energy_score | source_reference,cognition_score,sedation_risk | weight_gain_risk | extrapyramidal_risk,"EMA. Valdoxan — Summary of Product Characteristics; bula profissional aprovada pela Anvisa.; STAHL-MEC; GG.; EMA, Valdoxan SmPC; Stahl, Essential Psychopharmacology, 5ª ed.; Goodman & Gilman, 14ª ed.; DM:PENDENTE_PESQUISAR",source_reference_mapped_pending_formal_review,"validar fonte, secao, trecho e revisao medica final antes de promover para validated_for_table"
amitriptilina,Amitriptilina,Triciclico,1,drug_class | dose_band | pharmacological_target | anxiety_score | sleep_score | mood_score | energy_score | sedation_risk | source_reference,dominant_effect | receptor_or_mechanism | cognition_score,weight_gain_risk | extrapyramidal_risk,"DailyMed, Amitriptyline Hydrochloride Tablets; Stahl, 5ª ed.; Goodman & Gilman, 14ª ed.; Maudsley Prescribing Guidelines.; DM:https://dailymed.nlm.nih.gov/dailymed/drugInfo.cfm?setid=35aa7ab3-321a-97f7-e063-6294a90a91e2",official_label_located_pending_formal_review,"extrair secao, trecho e campo especifico da fonte oficial antes de promover para validated_for_table"
aripiprazol,Aripiprazol,Antipsicotico atipico,1,drug_class | dose_band | dominant_effect | pharmacological_target | receptor_or_mechanism | anxiety_score | sleep_score | mood_score | energy_score | cognition_score | sedation_risk | weight_gain_risk | extrapyramidal_risk | source_reference,formal_source_review,,"FDA_ABILIFY; STAHL_ESSENTIAL; STAHL_PG;
GOODMAN_GILMAN; MAUDSLEY; DM:https://dailymed.nlm.nih.gov/dailymed/drugInfo.cfm?setid=042b725c-1c17-4cfb-80b2-c841226d795e",official_label_located_pending_formal_review,"extrair secao, trecho e campo especifico da fonte oficial antes de promover para validated_for_table"
bupropiona,Bupropiona,NDRI,1,drug_class | dose_band | dominant_effect | pharmacological_target | receptor_or_mechanism | anxiety_score | sleep_score | mood_score | energy_score | cognition_score | sedation_risk | weight_gain_risk | extrapyramidal_risk | source_reference,formal_source_review,,"FDA_WELLBUTRIN; FDA_WELLBUTRIN_XL;
STAHL_ESSENTIAL; STAHL_PG; GOODMAN_GILMAN; DM:https://dailymed.nlm.nih.gov/dailymed/drugInfo.cfm?setid=3ec04240-baef-44d7-8d73-a181171eec43",official_label_located_pending_formal_review,"extrair secao, trecho e campo especifico da fonte oficial antes de promover para validated_for_table"
bupropiona_xl,Bupropiona XL,NDRI,1,drug_class | dose_band | dominant_effect | pharmacological_target | receptor_or_mechanism | anxiety_score | sleep_score | mood_score | energy_score | source_reference,cognition_score,sedation_risk | weight_gain_risk | extrapyramidal_risk,"FDA/Wellbutrin XL Prescribing Information; Stahl, 5ª ed.; Goodman & Gilman, 14ª ed.; DM:https://dailymed.nlm.nih.gov/dailymed/drugInfo.cfm?setid=3ec04240-baef-44d7-8d73-a181171eec43",official_label_located_pending_formal_review,"extrair secao, trecho e campo especifico da fonte oficial antes de promover para validated_for_table"
carbamazepina,Carbamazepina,Estabilizador de humor,1,drug_class | dose_band | dominant_effect | pharmacological_target | receptor_or_mechanism | anxiety_score | sleep_score | mood_score | energy_score | source_reference,cognition_score,sedation_risk | weight_gain_risk | extrapyramidal_risk,"FDA/Tegretol Prescribing Information; CANMAT/ISBD Bipolar Guidelines; Maudsley; Goodman & Gilman, 14ª ed.; DM:https://dailymed.nlm.nih.gov/dailymed/drugInfo.cfm?setid=8d409411-aa9f-4f3a-a52c-fbcb0c3ec053",official_label_located_pending_formal_review,"extrair secao, trecho e campo especifico da fonte oficial antes de promover para validated_for_table"
citalopram,Citalopram,SSRI/serotonergico,1,drug_class | dose_band | dominant_effect | pharmacological_target | receptor_or_mechanism | anxiety_score | sleep_score | mood_score | energy_score | source_reference,cognition_score,sedation_risk | weight_gain_risk | extrapyramidal_risk,"FDA/Celexa Prescribing Information; Stahl, 5ª ed.; Goodman & Gilman, 14ª ed.; DM:https://dailymed.nlm.nih.gov/dailymed/drugInfo.cfm?setid=a7ef6ad2-5f22-4ac7-b57a-f498bcb53be1",official_label_located_pending_formal_review,"extrair secao, trecho e campo especifico da fonte oficial antes de promover para validated_for_table"
clomipramina,Clomipramina,Triciclico,1,drug_class | dose_band | dominant_effect | pharmacological_target | receptor_or_mechanism | anxiety_score | sleep_score | mood_score | energy_score | sedation_risk | source_reference,cognition_score,weight_gain_risk | extrapyramidal_risk,"FDA/Anafranil Prescribing Information; Stahl, 5ª ed.; Goodman & Gilman, 14ª ed.; diretrizes APA/NICE para TOC.; DM:https://dailymed.nlm.nih.gov/dailymed/drugInfo.cfm?setid=2b1bcbd9-88be-4d46-8301-10daa805dc0e",official_label_located_pending_formal_review,"extrair secao, trecho e campo especifico da fonte oficial antes de promover para validated_for_table"
clorpromazina,Clorpromazina,Antipsicotico tipico,1,drug_class | dose_band | dominant_effect | pharmacological_target | receptor_or_mechanism | anxiety_score | sleep_score | mood_score | energy_score | sedation_risk | extrapyramidal_risk | source_reference,cognition_score,weight_gain_risk,"DailyMed, Chlorpromazine Hydrochloride; Stahl, 5ª ed.; Goodman & Gilman, 14ª ed.; Maudsley.; DM:https://dailymed.nlm.nih.gov/dailymed/drugInfo.cfm?setid=aa086a21-de85-4b03-af58-49b70acf8cf0",official_label_located_pending_formal_review,"extrair secao, trecho e campo especifico da fonte oficial antes de promover para validated_for_table"
clozapina,Clozapina,Antipsicotico atipico,1,drug_class | dose_band | dominant_effect | pharmacological_target | receptor_or_mechanism | anxiety_score | sleep_score | mood_score | energy_score | sedation_risk | weight_gain_risk | source_reference,cognition_score,extrapyramidal_risk,"FDA/Clozaril Prescribing Information; Maudsley Prescribing Guidelines; Stahl, 5ª ed.; Goodman & Gilman, 14ª ed.; DM:https://dailymed.nlm.nih.gov/dailymed/drugInfo.cfm?setid=883b5d43-0339-7dc1-f775-93791fb9b978",official_label_located_pending_formal_review,"extrair secao, trecho e campo especifico da fonte oficial antes de promover para validated_for_table"
desipramina,Desipramina,Triciclico,1,drug_class | dose_band | dominant_effect | pharmacological_target | receptor_or_mechanism | anxiety_score | sleep_score | mood_score | energy_score | sedation_risk | source_reference,cognition_score,weight_gain_risk | extrapyramidal_risk,"FDA/Norpramin Prescribing Information; Stahl, 5ª ed.; Goodman & Gilman, 14ª ed.; Maudsley.; DM:https://dailymed.nlm.nih.gov/dailymed/drugInfo.cfm?setid=a3b4b25d-0ddb-4531-badb-f1ba3168ac07",official_label_located_pending_formal_review,"extrair secao, trecho e campo especifico da fonte oficial antes de promover para validated_for_table"
desvenlafaxina,Desvenlafaxina,SNRI,1,drug_class | dose_band | dominant_effect | pharmacological_target | receptor_or_mechanism | anxiety_score | sleep_score | mood_score | energy_score | source_reference,cognition_score,sedation_risk | weight_gain_risk | extrapyramidal_risk,"FDA/Pristiq Prescribing Information; Stahl, 5ª ed.; Goodman & Gilman, 14ª ed.; DM:https://dailymed.nlm.nih.gov/dailymed/drugInfo.cfm?setid=0f43610c-f290-46ea-d186-4f998ed99fce",official_label_located_pending_formal_review,"extrair secao, trecho e campo especifico da fonte oficial antes de promover para validated_for_table"
divalproato,Divalproato,Anticonvulsivante/estabilizador,1,drug_class | dose_band | dominant_effect | pharmacological_target | receptor_or_mechanism | anxiety_score | sleep_score | mood_score | energy_score | sedation_risk | source_reference,cognition_score,weight_gain_risk | extrapyramidal_risk,"FDA/Depakote Prescribing Information; CANMAT/ISBD Bipolar Guidelines; Maudsley; Goodman & Gilman, 14ª ed.; DM:https://dailymed.nlm.nih.gov/dailymed/drugInfo.cfm?setid=4ef6c5fd-42b2-4419-9b5a-e6d63571e3a0",official_label_located_pending_formal_review,"extrair secao, trecho e campo especifico da fonte oficial antes de promover para validated_for_table"
dosulepina,Dosulepina,Triciclico,1,drug_class | dose_band | dominant_effect | pharmacological_target | receptor_or_mechanism | anxiety_score | sleep_score | mood_score | energy_score | sedation_risk | source_reference,cognition_score,weight_gain_risk | extrapyramidal_risk,"UK SmPC, Dosulepin Hydrochloride; British National Formulary; NICE Depression Guideline; Goodman & Gilman, 14ª ed.; DM:PENDENTE_PESQUISAR",source_reference_mapped_pending_formal_review,"validar fonte, secao, trecho e revisao medica final antes de promover para validated_for_table"
doxepina,Doxepina,Triciclico,1,drug_class | dose_band | dominant_effect | pharmacological_target | receptor_or_mechanism | anxiety_score | sleep_score | mood_score | energy_score | sedation_risk | source_reference,cognition_score,weight_gain_risk | extrapyramidal_risk,"FDA/Silenor Prescribing Information; DailyMed, Doxepin Hydrochloride Capsules; Stahl, 5ª ed.; Goodman & Gilman, 14ª ed.; DM:https://dailymed.nlm.nih.gov/dailymed/drugInfo.cfm?setid=c42333f8-1add-4f33-9458-6fe4436874a1",official_label_located_pending_formal_review,"extrair secao, trecho e campo especifico da fonte oficial antes de promover para validated_for_table"
duloxetina,Duloxetina,SNRI,1,drug_class | dose_band | dominant_effect | pharmacological_target | receptor_or_mechanism | anxiety_score | sleep_score | mood_score | energy_score | cognition_score | sedation_risk | weight_gain_risk | extrapyramidal_risk | source_reference,formal_source_review,,FDA_CYMBALTA; STAHL_ESSENTIAL; STAHL_PG; GOODMAN_GILMAN; DM:https://dailymed.nlm.nih.gov/dailymed/drugInfo.cfm?setid=569582d5-cb6d-735e-e063-6394a90abfb6,official_label_located_pending_formal_review,"extrair secao, trecho e campo especifico da fonte oficial antes de promover para validated_for_table"
escitalopram,Escitalopram,SSRI,1,drug_class | dose_band | dominant_effect | pharmacological_target | receptor_or_mechanism | anxiety_score | sleep_score | mood_score | energy_score | cognition_score | sedation_risk | weight_gain_risk | extrapyramidal_risk | source_reference,formal_source_review,,FDA_LEXAPRO; STAHL_ESSENTIAL; STAHL_PG; GOODMAN_GILMAN; DM:https://dailymed.nlm.nih.gov/dailymed/drugInfo.cfm?setid=1b2ec266-be5b-9265-e063-6294a90a10e3,official_label_located_pending_formal_review,"extrair secao, trecho e campo especifico da fonte oficial antes de promover para validated_for_table"
fenitoina,Fenitoina,Anticonvulsivante/estabilizador,1,drug_class | dose_band | dominant_effect | pharmacological_target | receptor_or_mechanism | anxiety_score | sleep_score | mood_score | energy_score | sedation_risk | source_reference,cognition_score,weight_gain_risk | extrapyramidal_risk,"FDA/Dilantin Prescribing Information; Goodman & Gilman, 14ª ed.; Maudsley Prescribing Guidelines.; DM:https://dailymed.nlm.nih.gov/dailymed/drugInfo.cfm?setid=7e467c02-49a0-4b62-b537-430fdfa4f10e",official_label_located_pending_formal_review,"extrair secao, trecho e campo especifico da fonte oficial antes de promover para validated_for_table"
fenobarbital,Fenobarbital,Anticonvulsivante/estabilizador,1,drug_class | dose_band | dominant_effect | pharmacological_target | receptor_or_mechanism | anxiety_score | sleep_score | mood_score | energy_score | sedation_risk | source_reference,cognition_score,weight_gain_risk | extrapyramidal_risk,"DailyMed, Phenobarbital; Goodman & Gilman, 14ª ed.; Maudsley.; DM:https://dailymed.nlm.nih.gov/dailymed/drugInfo.cfm?setid=fa09b4f2-edb0-4594-a2d2-b16f7b9686b4",official_label_located_pending_formal_review,"extrair secao, trecho e campo especifico da fonte oficial antes de promover para validated_for_table"
fluoxetina,Fluoxetina,SSRI,1,drug_class | dose_band | dominant_effect | pharmacological_target | receptor_or_mechanism | anxiety_score | sleep_score | mood_score | energy_score | cognition_score | sedation_risk | weight_gain_risk | extrapyramidal_risk | source_reference,formal_source_review,,FDA_PROZAC; STAHL_ESSENTIAL; STAHL_PG; GOODMAN_GILMAN; DM:https://dailymed.nlm.nih.gov/dailymed/drugInfo.cfm?setid=77b6ae48-8e3a-42e6-9b5a-aeed750861e8,official_label_located_pending_formal_review,"extrair secao, trecho e campo especifico da fonte oficial antes de promover para validated_for_table"
fluvoxamina,Fluvoxamina,SSRI/serotonergico,1,drug_class | dose_band | dominant_effect | pharmacological_target | receptor_or_mechanism | anxiety_score | sleep_score | mood_score | energy_score | source_reference,cognition_score,sedation_risk | weight_gain_risk | extrapyramidal_risk,"DailyMed, Fluvoxamine Maleate; Stahl, 5ª ed.; Goodman & Gilman, 14ª ed.; APA/NICE OCD Guidelines.; DM:https://dailymed.nlm.nih.gov/dailymed/drugInfo.cfm?setid=0b107225-ed5a-4461-9184-f3f2bad1892f",official_label_located_pending_formal_review,"extrair secao, trecho e campo especifico da fonte oficial antes de promover para validated_for_table"
haloperidol,Haloperidol,Antipsicotico tipico,1,drug_class | dominant_effect | pharmacological_target | receptor_or_mechanism | anxiety_score | sleep_score | mood_score | energy_score | sedation_risk | extrapyramidal_risk | source_reference,dose_band | cognition_score,weight_gain_risk,"FDA/Haldol Prescribing Information; Stahl, 5ª ed.; Goodman & Gilman, 14ª ed.; Maudsley.; DM:https://dailymed.nlm.nih.gov/dailymed/drugInfo.cfm?setid=e2eed126-cb82-42b1-9b48-9cbeb6873b50",official_label_located_pending_formal_review,"extrair secao, trecho e campo especifico da fonte oficial antes de promover para validated_for_table"
imipramina,Imipramina,Triciclico,1,drug_class | dose_band | dominant_effect | pharmacological_target | receptor_or_mechanism | anxiety_score | sleep_score | mood_score | energy_score | sedation_risk | source_reference,cognition_score,weight_gain_risk | extrapyramidal_risk,"FDA/Tofranil Prescribing Information; Stahl, 5ª ed.; Goodman & Gilman, 14ª ed.; Maudsley.; DM:https://dailymed.nlm.nih.gov/dailymed/drugInfo.cfm?setid=51d3b181-0d15-4782-a966-feb137972b18",official_label_located_pending_formal_review,"extrair secao, trecho e campo especifico da fonte oficial antes de promover para validated_for_table"
lamotrigina,Lamotrigina,Estabilizador de humor,1,drug_class | dose_band | dominant_effect | pharmacological_target | anxiety_score | sleep_score | mood_score | energy_score | cognition_score | sedation_risk | weight_gain_risk | extrapyramidal_risk | source_reference,receptor_or_mechanism,,"FDA_LAMICTAL; CANMAT_ISBD; MAUDSLEY;
STAHL_ESSENTIAL; GOODMAN_GILMAN; DM:https://dailymed.nlm.nih.gov/dailymed/drugInfo.cfm?setid=55f41c7e-03a6-b84c-e063-6294a90a7d82",official_label_located_pending_formal_review,"extrair secao, trecho e campo especifico da fonte oficial antes de promover para validated_for_table"
levomepromazina,Levomepromazina,Antipsicotico tipico,1,drug_class | dose_band | dominant_effect | pharmacological_target | receptor_or_mechanism | anxiety_score | sleep_score | mood_score | energy_score | sedation_risk | extrapyramidal_risk | source_reference,cognition_score,weight_gain_risk,"bula profissional Anvisa, Levomepromazina; European/UK SmPC; Stahl, 5ª ed.; Maudsley.; DM:PENDENTE_PESQUISAR",source_reference_mapped_pending_formal_review,"validar fonte, secao, trecho e revisao medica final antes de promover para validated_for_table"
litio,Litio,Estabilizador de humor,1,drug_class | dose_band | dominant_effect | pharmacological_target | receptor_or_mechanism | anxiety_score | sleep_score | mood_score | energy_score | cognition_score | sedation_risk | weight_gain_risk | extrapyramidal_risk | source_reference,formal_source_review,,"FDA_LITHIUM; CANMAT_ISBD; MAUDSLEY;
STAHL_ESSENTIAL; GOODMAN_GILMAN; DM:https://dailymed.nlm.nih.gov/dailymed/drugInfo.cfm?setid=049902a9-3af1-4863-994e-15f36e7a9793",official_label_located_pending_formal_review,"extrair secao, trecho e campo especifico da fonte oficial antes de promover para validated_for_table"
lurasidona,Lurasidona,Antipsicotico atipico,1,drug_class | dose_band | dominant_effect | pharmacological_target | receptor_or_mechanism | anxiety_score | sleep_score | mood_score | energy_score | cognition_score | sedation_risk | weight_gain_risk | extrapyramidal_risk | source_reference,formal_source_review,,"FDA_LATUDA; STAHL_ESSENTIAL; STAHL_PG;
GOODMAN_GILMAN; MAUDSLEY; DM:https://dailymed.nlm.nih.gov/dailymed/drugInfo.cfm?setid=b3e9cc86-0c5c-444f-ab57-f4d1a6865035",official_label_located_pending_formal_review,"extrair secao, trecho e campo especifico da fonte oficial antes de promover para validated_for_table"
maprotilina,Maprotilina,Triciclico,1,drug_class | dose_band | dominant_effect | pharmacological_target | receptor_or_mechanism | anxiety_score | sleep_score | mood_score | energy_score | sedation_risk | source_reference,cognition_score,weight_gain_risk | extrapyramidal_risk,"Maprotiline/Ludiomil Product Information; Goodman & Gilman, 14ª ed.; Stahl, 5ª ed.; Maudsley.; DM:PENDENTE_PESQUISAR",source_reference_mapped_pending_formal_review,"validar fonte, secao, trecho e revisao medica final antes de promover para validated_for_table"
mianserina,Mianserina,Tetraciclico,1,drug_class | dose_band | pharmacological_target | anxiety_score | sleep_score | mood_score | energy_score | sedation_risk | source_reference,dominant_effect | receptor_or_mechanism | cognition_score,weight_gain_risk | extrapyramidal_risk,"Mianserin Summary of Product Characteristics; British National Formulary; Stahl, 5ª ed.; Goodman & Gilman, 14ª ed.; DM:PENDENTE_PESQUISAR",source_reference_mapped_pending_formal_review,"validar fonte, secao, trecho e revisao medica final antes de promover para validated_for_table"
mirtazapina,Mirtazapina,NaSSA,1,drug_class | dose_band | dominant_effect | pharmacological_target | receptor_or_mechanism | anxiety_score | sleep_score | mood_score | energy_score | cognition_score | sedation_risk | weight_gain_risk | extrapyramidal_risk | source_reference,formal_source_review,,FDA_REMERON; STAHL_ESSENTIAL; STAHL_PG; GOODMAN_GILMAN; DM:https://dailymed.nlm.nih.gov/dailymed/drugInfo.cfm?setid=2a0689ae-5650-42d1-ac9d-56dd2b467727,official_label_located_pending_formal_review,"extrair secao, trecho e campo especifico da fonte oficial antes de promover para validated_for_table"
naltrexona,Naltrexona,Dependencia quimica,1,drug_class | dose_band | dominant_effect | pharmacological_target | receptor_or_mechanism | anxiety_score | sleep_score | mood_score | energy_score | source_reference,cognition_score,sedation_risk | weight_gain_risk | extrapyramidal_risk,"FDA/Revia Prescribing Information; APA Guideline for Alcohol Use Disorder; NICE Alcohol-use Disorders Guideline; Goodman & Gilman, 14ª ed.; DM:https://dailymed.nlm.nih.gov/dailymed/drugInfo.cfm?setid=56055980-d23b-ec7d-e063-6394a90a9cc2",official_label_located_pending_formal_review,"extrair secao, trecho e campo especifico da fonte oficial antes de promover para validated_for_table"
nortriptilina,Nortriptilina,Triciclico,1,drug_class | dose_band | dominant_effect | pharmacological_target | receptor_or_mechanism | anxiety_score | sleep_score | mood_score | energy_score | sedation_risk | source_reference,cognition_score,weight_gain_risk | extrapyramidal_risk,"FDA/Pamelor Prescribing Information; Stahl, 5ª ed.; Goodman & Gilman, 14ª ed.; Maudsley.; DM:https://dailymed.nlm.nih.gov/dailymed/drugInfo.cfm?setid=aee2c1a1-d848-4c3b-8c6d-8a4f6ce94c28",official_label_located_pending_formal_review,"extrair secao, trecho e campo especifico da fonte oficial antes de promover para validated_for_table"
olanzapina,Olanzapina,Antipsicotico atipico,1,drug_class | dose_band | dominant_effect | pharmacological_target | receptor_or_mechanism | anxiety_score | sleep_score | mood_score | energy_score | cognition_score | sedation_risk | weight_gain_risk | extrapyramidal_risk | source_reference,formal_source_review,,"FDA_ZYPREXA; STAHL_ESSENTIAL; STAHL_PG;
GOODMAN_GILMAN; MAUDSLEY; DM:https://dailymed.nlm.nih.gov/dailymed/drugInfo.cfm?setid=0ecbf540-572e-4ca4-b694-18ca1cd1c194",official_label_located_pending_formal_review,"extrair secao, trecho e campo especifico da fonte oficial antes de promover para validated_for_table"
oxcarbazepina,Oxcarbazepina,Anticonvulsivante/estabilizador,1,drug_class | dose_band | dominant_effect | pharmacological_target | receptor_or_mechanism | anxiety_score | sleep_score | mood_score | energy_score | sedation_risk | source_reference,cognition_score,weight_gain_risk | extrapyramidal_risk,"FDA/Trileptal Prescribing Information; CANMAT/ISBD Bipolar Guidelines; Goodman & Gilman, 14ª ed.; DM:https://dailymed.nlm.nih.gov/dailymed/drugInfo.cfm?setid=867eaf99-3e31-4f75-bfae-2898804d956d",official_label_located_pending_formal_review,"extrair secao, trecho e campo especifico da fonte oficial antes de promover para validated_for_table"
paroxetina,Paroxetina,SSRI/serotonergico,1,drug_class | dose_band | dominant_effect | pharmacological_target | receptor_or_mechanism | anxiety_score | sleep_score | mood_score | energy_score | source_reference,cognition_score,sedation_risk | weight_gain_risk | extrapyramidal_risk,"FDA/Paxil Prescribing Information; Stahl, 5ª ed.; Goodman & Gilman, 14ª ed.; Maudsley.; DM:https://dailymed.nlm.nih.gov/dailymed/drugInfo.cfm?setid=118320de-0632-4139-8b13-7428b41da0ac",official_label_located_pending_formal_review,"extrair secao, trecho e campo especifico da fonte oficial antes de promover para validated_for_table"
quetiapina,Quetiapina,Antipsicotico atipico,1,drug_class | dose_band | dominant_effect | pharmacological_target | receptor_or_mechanism | anxiety_score | sleep_score | mood_score | energy_score | cognition_score | sedation_risk | weight_gain_risk | extrapyramidal_risk | source_reference,formal_source_review,,"FDA_SEROQUEL; FDA_SEROQUEL_XR;
STAHL_ESSENTIAL; STAHL_PG; GOODMAN_GILMAN; DM:https://dailymed.nlm.nih.gov/dailymed/drugInfo.cfm?setid=5643d339-50ea-405d-e063-6394a90a3b70",official_label_located_pending_formal_review,"extrair secao, trecho e campo especifico da fonte oficial antes de promover para validated_for_table"
risperidona,Risperidona,Antipsicotico atipico,1,drug_class | dose_band | dominant_effect | pharmacological_target | receptor_or_mechanism | anxiety_score | sleep_score | mood_score | energy_score | cognition_score | sedation_risk | weight_gain_risk | extrapyramidal_risk | source_reference,formal_source_review,,"FDA_RISPERDAL; STAHL_ESSENTIAL; STAHL_PG;
GOODMAN_GILMAN; MAUDSLEY; DM:https://dailymed.nlm.nih.gov/dailymed/drugInfo.cfm?setid=5643c32b-310e-4888-e063-6394a90ab62f",official_label_located_pending_formal_review,"extrair secao, trecho e campo especifico da fonte oficial antes de promover para validated_for_table"
sertralina,Sertralina,SSRI,1,drug_class | dose_band | dominant_effect | pharmacological_target | receptor_or_mechanism | anxiety_score | sleep_score | mood_score | energy_score | cognition_score | sedation_risk | weight_gain_risk | extrapyramidal_risk | source_reference,formal_source_review,,"FDA_ZOLOFT; STAHL_ESSENTIAL; STAHL_PG; GOODMAN_GILMAN; Zoloft Prescribing Information;
Stahl’s Essential Psychopharmacology;
Stahl’s Prescriber’s Guide;
Goodman & Gilman.; DM:https://dailymed.nlm.nih.gov/dailymed/drugInfo.cfm?setid=4ddfd698-3d47-fc0e-e063-6394a90accec",official_label_located_pending_formal_review,"extrair secao, trecho e campo especifico da fonte oficial antes de promover para validated_for_table"
tioridazina,Tioridazina,Antipsicotico tipico,1,drug_class | dose_band | dominant_effect | pharmacological_target | receptor_or_mechanism | anxiety_score | sleep_score | mood_score | energy_score | sedation_risk | extrapyramidal_risk | source_reference,cognition_score,weight_gain_risk,"FDA/Mellaril Prescribing Information; bula profissional Anvisa; Stahl, 5ª ed.; Goodman & Gilman, 14ª ed.; DM:https://dailymed.nlm.nih.gov/dailymed/drugInfo.cfm?setid=1fd16a99-e856-4a37-9dae-c443714fac14",official_label_located_pending_formal_review,"extrair secao, trecho e campo especifico da fonte oficial antes de promover para validated_for_table"
topiramato,Topiramato,Anticonvulsivante/estabilizador,1,drug_class | dose_band | pharmacological_target | anxiety_score | sleep_score | mood_score | energy_score | sedation_risk | source_reference,dominant_effect | receptor_or_mechanism | cognition_score,weight_gain_risk | extrapyramidal_risk,"FDA/Topamax Prescribing Information; CANMAT/ISBD Bipolar Guidelines; Goodman & Gilman, 14ª ed.; DM:https://dailymed.nlm.nih.gov/dailymed/drugInfo.cfm?setid=46a305cb-ab73-0bca-e063-6294a90a9b85",official_label_located_pending_formal_review,"extrair secao, trecho e campo especifico da fonte oficial antes de promover para validated_for_table"
trazodona,Trazodona,SARI,1,drug_class | dose_band | dominant_effect | pharmacological_target | receptor_or_mechanism | anxiety_score | sleep_score | mood_score | energy_score | sedation_risk | source_reference,cognition_score,weight_gain_risk | extrapyramidal_risk,"DailyMed, Trazodone Hydrochloride; Stahl, 5ª ed.; Goodman & Gilman, 14ª ed.; revisão farmacológica sobre trazodona em baixa e alta dose.; FDA/DailyMed Trazodone; Stahl, 5ª ed.; revisão farmacológica de trazodona.; DM:https://dailymed.nlm.nih.gov/dailymed/drugInfo.cfm?setid=5bc5f266-6c0e-4b9a-b6e0-ea694928b948",official_label_located_pending_formal_review,"extrair secao, trecho e campo especifico da fonte oficial antes de promover para validated_for_table"
valproato,Valproato,Estabilizador de humor,1,drug_class | dose_band | dominant_effect | pharmacological_target | receptor_or_mechanism | anxiety_score | sleep_score | mood_score | energy_score | cognition_score | sedation_risk | weight_gain_risk | extrapyramidal_risk | source_reference,formal_source_review,,"FDA_VALPROIC_ACID; FDA_DEPAKOTE;
CANMAT_ISBD; MAUDSLEY; GOODMAN_GILMAN; DM:https://dailymed.nlm.nih.gov/dailymed/drugInfo.cfm?setid=4b619f73-44e5-4a99-b425-a96cb2228c87",official_label_located_pending_formal_review,"extrair secao, trecho e campo especifico da fonte oficial antes de promover para validated_for_table"
venlafaxina,Venlafaxina,SNRI,1,drug_class | dose_band | dominant_effect | pharmacological_target | receptor_or_mechanism | anxiety_score | sleep_score | mood_score | energy_score | cognition_score | sedation_risk | weight_gain_risk | extrapyramidal_risk | source_reference,formal_source_review,,FDA_EFFEXOR; STAHL_ESSENTIAL; STAHL_PG; GOODMAN_GILMAN; DM:https://dailymed.nlm.nih.gov/dailymed/drugInfo.cfm?setid=38fd2c97-cd30-2f7d-e054-00144ff8d46c,official_label_located_pending_formal_review,"extrair secao, trecho e campo especifico da fonte oficial antes de promover para validated_for_table"
venlafaxina_xr,Venlafaxina XR,SNRI,1,drug_class | dose_band | dominant_effect | pharmacological_target | receptor_or_mechanism | anxiety_score | sleep_score | mood_score | energy_score | source_reference,cognition_score,sedation_risk | weight_gain_risk | extrapyramidal_risk,"FDA/Effexor XR Prescribing Information; Stahl, 5ª ed.; Goodman & Gilman, 14ª ed.; estudos PET SERT/NET.; DM:https://dailymed.nlm.nih.gov/dailymed/drugInfo.cfm?setid=38fd2c97-cd30-2f7d-e054-00144ff8d46c",official_label_located_pending_formal_review,"extrair secao, trecho e campo especifico da fonte oficial antes de promover para validated_for_table"
vilazodona,Vilazodona,SSRI/serotonergico,1,drug_class | dose_band | dominant_effect | pharmacological_target | receptor_or_mechanism | anxiety_score | sleep_score | mood_score | energy_score | source_reference,cognition_score,sedation_risk | weight_gain_risk | extrapyramidal_risk,"FDA/Viibryd Prescribing Information; Stahl, 5ª ed.; Goodman & Gilman, 14ª ed.; DM:https://dailymed.nlm.nih.gov/dailymed/drugInfo.cfm?setid=4c55ccfb-c4cf-11df-851a-0800200c9a66",official_label_located_pending_formal_review,"extrair secao, trecho e campo especifico da fonte oficial antes de promover para validated_for_table"
vortioxetina,Vortioxetina,SSRI/serotonergico,1,drug_class | dose_band | dominant_effect | pharmacological_target | receptor_or_mechanism | anxiety_score | sleep_score | mood_score | energy_score | source_reference,cognition_score,sedation_risk | weight_gain_risk | extrapyramidal_risk,"FDA/Trintellix Prescribing Information; EMA/Brintellix SmPC; Stahl, 5ª ed.; Goodman & Gilman, 14ª ed.; DM:https://dailymed.nlm.nih.gov/dailymed/drugInfo.cfm?setid=cb1e9df4-dd74-4073-9d78-bb55593dd000",official_label_located_pending_formal_review,"extrair secao, trecho e campo especifico da fonte oficial antes de promover para validated_for_table"
alprazolam,Alprazolam,Benzodiazepinico,1,drug_class | dose_band | pharmacological_target | receptor_or_mechanism | anxiety_score | sleep_score | mood_score | energy_score | source_reference,dominant_effect | cognition_score | sedation_risk | weight_gain_risk | extrapyramidal_risk,,FDA/DailyMed Xanax/alprazolam; bula Anvisa; Stahl; Goodman & Gilman; Maudsley; DM:https://dailymed.nlm.nih.gov/dailymed/drugInfo.cfm?setid=fc5fe795-6b41-aecf-e053-6394a90af562,official_label_located_pending_formal_review,"extrair secao, trecho e campo especifico da fonte oficial antes de promover para validated_for_table"
bromazepam,Bromazepam,Benzodiazepinico,1,drug_class | dose_band | pharmacological_target | receptor_or_mechanism | anxiety_score | sleep_score | mood_score | energy_score | source_reference,dominant_effect | cognition_score | sedation_risk | weight_gain_risk | extrapyramidal_risk,,Bula profissional Anvisa/SmPC bromazepam; BNF; Stahl; Goodman & Gilman; DM:PENDENTE_PESQUISAR,source_reference_mapped_pending_formal_review,"validar fonte, secao, trecho e revisao medica final antes de promover para validated_for_table"
clobazam,Clobazam,Benzodiazepinico anticonvulsivante,1,drug_class | dose_band | pharmacological_target | receptor_or_mechanism | anxiety_score | sleep_score | mood_score | energy_score | source_reference,dominant_effect | cognition_score | sedation_risk | weight_gain_risk | extrapyramidal_risk,,FDA/Onfi; UK/European SmPC; bula Anvisa quando disponivel; Goodman & Gilman; DM:https://dailymed.nlm.nih.gov/dailymed/drugInfo.cfm?setid=6783eaa8-e236-4957-aaa9-b42bf8e709a7,official_label_located_pending_formal_review,"extrair secao, trecho e campo especifico da fonte oficial antes de promover para validated_for_table"
clonazepam,Clonazepam,Benzodiazepinico,1,drug_class | dose_band | pharmacological_target | receptor_or_mechanism | anxiety_score | sleep_score | mood_score | energy_score | source_reference,dominant_effect | cognition_score | sedation_risk | weight_gain_risk | extrapyramidal_risk,,FDA/Klonopin; bula Anvisa/Rivotril; Stahl; Goodman & Gilman; Maudsley; DM:https://dailymed.nlm.nih.gov/dailymed/drugInfo.cfm?setid=30d674f9-f1b3-4c2d-a8e9-3bc8e476f1ec,official_label_located_pending_formal_review,"extrair secao, trecho e campo especifico da fonte oficial antes de promover para validated_for_table"
diazepam,Diazepam,Benzodiazepinico,1,drug_class | dose_band | pharmacological_target | receptor_or_mechanism | anxiety_score | sleep_score | mood_score | energy_score | source_reference,dominant_effect | cognition_score | sedation_risk | weight_gain_risk | extrapyramidal_risk,,FDA/Valium; bula Anvisa; ASAM Alcohol Withdrawal Guideline; Stahl; Goodman & Gilman; DM:https://dailymed.nlm.nih.gov/dailymed/drugInfo.cfm?setid=f466f8a3-f31c-44f4-b0e8-444464f20f66,official_label_located_pending_formal_review,"extrair secao, trecho e campo especifico da fonte oficial antes de promover para validated_for_table"
lorazepam,Lorazepam,Benzodiazepinico,1,drug_class | dose_band | pharmacological_target | receptor_or_mechanism | anxiety_score | sleep_score | mood_score | energy_score | source_reference,dominant_effect | cognition_score | sedation_risk | weight_gain_risk | extrapyramidal_risk,,FDA/Ativan; bula Anvisa; British Association for Psychopharmacology catatonia; ASAM; Maudsley; DM:https://dailymed.nlm.nih.gov/dailymed/drugInfo.cfm?setid=569e8a5a-ddf7-ebbc-e063-6294a90ab7a4,official_label_located_pending_formal_review,"extrair secao, trecho e campo especifico da fonte oficial antes de promover para validated_for_table"
midazolam,Midazolam,Benzodiazepinico de urgencia/sedacao,1,drug_class | dose_band | pharmacological_target | anxiety_score | sleep_score | mood_score | energy_score | source_reference,dominant_effect | receptor_or_mechanism | cognition_score | sedation_risk | weight_gain_risk | extrapyramidal_risk,,FDA/Versed; bula Anvisa; protocolos de emergencia; Goodman & Gilman; DM:https://dailymed.nlm.nih.gov/dailymed/drugInfo.cfm?setid=54ed43b2-bad1-4b45-e063-6294a90a793a,official_label_located_pending_formal_review,"extrair secao, trecho e campo especifico da fonte oficial antes de promover para validated_for_table"
oxazepam,Oxazepam,Benzodiazepinico,1,drug_class | dose_band | pharmacological_target | receptor_or_mechanism | anxiety_score | sleep_score | mood_score | energy_score | source_reference,dominant_effect | cognition_score | sedation_risk | weight_gain_risk | extrapyramidal_risk,,FDA/Serax ou DailyMed oxazepam; ASAM; Goodman & Gilman; Maudsley; DM:https://dailymed.nlm.nih.gov/dailymed/drugInfo.cfm?setid=a0d5a4c1-ec79-42e6-8e8f-ae4d144edb43,official_label_located_pending_formal_review,"extrair secao, trecho e campo especifico da fonte oficial antes de promover para validated_for_table"
temazepam,Temazepam,Benzodiazepinico hipnotico,1,drug_class | dose_band | pharmacological_target | receptor_or_mechanism | anxiety_score | sleep_score | mood_score | energy_score | source_reference,dominant_effect | cognition_score | sedation_risk | weight_gain_risk | extrapyramidal_risk,,FDA/Restoril; bula/SmPC; diretrizes de insonia; Goodman & Gilman; DM:https://dailymed.nlm.nih.gov/dailymed/drugInfo.cfm?setid=bc56f7fd-1aaf-48ff-8aa7-d467e59e1015,official_label_located_pending_formal_review,"extrair secao, trecho e campo especifico da fonte oficial antes de promover para validated_for_table"
zolpidem,Zolpidem,Hipnotico Z,1,drug_class | dose_band | pharmacological_target | receptor_or_mechanism | anxiety_score | sleep_score | mood_score | energy_score | source_reference,dominant_effect | cognition_score | sedation_risk | weight_gain_risk | extrapyramidal_risk,,FDA/Ambien e Ambien CR; Anvisa; diretrizes de insonia; DM:https://dailymed.nlm.nih.gov/dailymed/drugInfo.cfm?setid=9025a6f7-5501-4aba-875e-222ef39848c0,official_label_located_pending_formal_review,"extrair secao, trecho e campo especifico da fonte oficial antes de promover para validated_for_table"
zopiclona,Zopiclona,Hipnotico Z,1,drug_class | dose_band | pharmacological_target | receptor_or_mechanism | anxiety_score | sleep_score | mood_score | energy_score | source_reference,dominant_effect | cognition_score | sedation_risk | weight_gain_risk | extrapyramidal_risk,,UK/European SmPC zopiclona; BNF; bula local quando disponivel; DM:PENDENTE_PESQUISAR,source_reference_mapped_pending_formal_review,"validar fonte, secao, trecho e revisao medica final antes de promover para validated_for_table"
eszopiclona,Eszopiclona,Hipnotico Z,1,drug_class | dose_band | pharmacological_target | receptor_or_mechanism | anxiety_score | sleep_score | mood_score | energy_score | source_reference,dominant_effect | cognition_score | sedation_risk | weight_gain_risk | extrapyramidal_risk,,FDA/Lunesta; diretrizes de insonia; Goodman & Gilman; DM:https://dailymed.nlm.nih.gov/dailymed/drugInfo.cfm?setid=c4ff1d6a-918e-c046-e053-2a95a90a9c9b,official_label_located_pending_formal_review,"extrair secao, trecho e campo especifico da fonte oficial antes de promover para validated_for_table"
buspirona,Buspirona,Ansiolitico nao benzodiazepinico,1,drug_class | dose_band | pharmacological_target | receptor_or_mechanism | anxiety_score | sleep_score | mood_score | energy_score | source_reference,dominant_effect | cognition_score | sedation_risk | weight_gain_risk | extrapyramidal_risk,,FDA/DailyMed buspirona; Stahl; Goodman & Gilman; diretrizes de ansiedade; DM:https://dailymed.nlm.nih.gov/dailymed/drugInfo.cfm?setid=f101c5f3-d533-474d-a8bf-90d054933d16,official_label_located_pending_formal_review,"extrair secao, trecho e campo especifico da fonte oficial antes de promover para validated_for_table"
metilfenidato_ir,Metilfenidato IR,Estimulante TDAH,1,drug_class | dose_band | pharmacological_target | receptor_or_mechanism | anxiety_score | sleep_score | mood_score | energy_score | source_reference,dominant_effect | cognition_score | sedation_risk | weight_gain_risk | extrapyramidal_risk,,FDA/Ritalin; Anvisa; NICE ADHD; AAP; Goodman & Gilman; DM:https://dailymed.nlm.nih.gov/dailymed/drugInfo.cfm?setid=defc1205-8e90-4b1e-b862-05e4c35c7364,official_label_located_pending_formal_review,"extrair secao, trecho e campo especifico da fonte oficial antes de promover para validated_for_table"
metilfenidato_lp,Metilfenidato LP,Estimulante TDAH,1,drug_class | dose_band | pharmacological_target | anxiety_score | sleep_score | mood_score | energy_score | source_reference,dominant_effect | receptor_or_mechanism | cognition_score | sedation_risk | weight_gain_risk | extrapyramidal_risk,,FDA/Concerta e rotulo especifico; Anvisa; NICE ADHD; DM:https://dailymed.nlm.nih.gov/dailymed/drugInfo.cfm?setid=defc1205-8e90-4b1e-b862-05e4c35c7364,official_label_located_pending_formal_review,"extrair secao, trecho e campo especifico da fonte oficial antes de promover para validated_for_table"
lisdexanfetamina,Lisdexanfetamina,Estimulante TDAH,1,drug_class | dose_band | pharmacological_target | receptor_or_mechanism | anxiety_score | sleep_score | mood_score | energy_score | source_reference,dominant_effect | cognition_score | sedation_risk | weight_gain_risk | extrapyramidal_risk,,FDA/Vyvanse; Anvisa; NICE ADHD; Goodman & Gilman; DM:https://dailymed.nlm.nih.gov/dailymed/drugInfo.cfm?setid=c56b4712-2fb8-4c7a-bfbd-0401d9f5f92a,official_label_located_pending_formal_review,"extrair secao, trecho e campo especifico da fonte oficial antes de promover para validated_for_table"
atomoxetina,Atomoxetina,Nao estimulante TDAH,1,drug_class | dose_band | pharmacological_target | receptor_or_mechanism | anxiety_score | sleep_score | mood_score | energy_score | source_reference,dominant_effect | cognition_score | sedation_risk | weight_gain_risk | extrapyramidal_risk,,FDA/Strattera; Anvisa; NICE ADHD; Goodman & Gilman; DM:https://dailymed.nlm.nih.gov/dailymed/drugInfo.cfm?setid=309de576-c318-404a-bc15-660c2b1876fb,official_label_located_pending_formal_review,"extrair secao, trecho e campo especifico da fonte oficial antes de promover para validated_for_table"
guanfacina_xr,Guanfacina XR,Agonista alfa-2A TDAH,1,drug_class | dose_band | pharmacological_target | receptor_or_mechanism | anxiety_score | sleep_score | mood_score | energy_score | source_reference,dominant_effect | cognition_score | sedation_risk | weight_gain_risk | extrapyramidal_risk,,FDA/Intuniv; NICE ADHD; bula especifica; DM:https://dailymed.nlm.nih.gov/dailymed/drugInfo.cfm?setid=35d3c996-1755-c017-e063-6294a90abc1f,official_label_located_pending_formal_review,"extrair secao, trecho e campo especifico da fonte oficial antes de promover para validated_for_table"
clonidina,Clonidina,Agonista alfa-2 TDAH/autonomico,1,drug_class | dose_band | pharmacological_target | receptor_or_mechanism | anxiety_score | sleep_score | mood_score | energy_score | source_reference,dominant_effect | cognition_score | sedation_risk | weight_gain_risk | extrapyramidal_risk,,FDA/Kapvay ou Onyda XR; NICE ADHD; Goodman & Gilman; DM:https://dailymed.nlm.nih.gov/dailymed/drugInfo.cfm?setid=32d72d7b-5881-f431-e063-6394a90a3547,official_label_located_pending_formal_review,"extrair secao, trecho e campo especifico da fonte oficial antes de promover para validated_for_table"
paliperidona,Paliperidona,Antipsicotico atipico,1,drug_class | dose_band | pharmacological_target | receptor_or_mechanism | anxiety_score | sleep_score | mood_score | energy_score | source_reference,dominant_effect | cognition_score | sedation_risk | weight_gain_risk | extrapyramidal_risk,,FDA/Invega e Invega Sustenna/Trinza/Hafyera; Anvisa; APA/NICE psicose; Maudsley; DM:https://dailymed.nlm.nih.gov/dailymed/drugInfo.cfm?setid=71985eb4-07df-41c9-8b9a-85f39e92b7d0,official_label_located_pending_formal_review,"extrair secao, trecho e campo especifico da fonte oficial antes de promover para validated_for_table"
ziprasidona,Ziprasidona,Antipsicotico atipico,1,drug_class | dose_band | pharmacological_target | receptor_or_mechanism | anxiety_score | sleep_score | mood_score | energy_score | source_reference,dominant_effect | cognition_score | sedation_risk | weight_gain_risk | extrapyramidal_risk,,FDA/Geodon; Anvisa; CANMAT/ISBD; Maudsley; DM:https://dailymed.nlm.nih.gov/dailymed/drugInfo.cfm?setid=b1f52226-4fb4-48bf-8bfd-0c9df6ca02fa,official_label_located_pending_formal_review,"extrair secao, trecho e campo especifico da fonte oficial antes de promover para validated_for_table"
amissulprida,Amissulprida,Antipsicotico D2/D3,1,drug_class | dose_band | pharmacological_target | receptor_or_mechanism | anxiety_score | sleep_score | mood_score | energy_score | source_reference,dominant_effect | cognition_score | sedation_risk | weight_gain_risk | extrapyramidal_risk,,European/UK SmPC; Anvisa; Maudsley; Stahl; DM:https://dailymed.nlm.nih.gov/dailymed/drugInfo.cfm?setid=ab23bc6e-b6a8-165f-e053-2a95a90ab144,official_label_located_pending_formal_review,"extrair secao, trecho e campo especifico da fonte oficial antes de promover para validated_for_table"
sulpirida,Sulpirida,Antipsicotico D2/D3,1,drug_class | dose_band | pharmacological_target | receptor_or_mechanism | anxiety_score | sleep_score | mood_score | energy_score | source_reference,dominant_effect | cognition_score | sedation_risk | weight_gain_risk | extrapyramidal_risk,,European/UK SmPC; Anvisa; BNF; Maudsley; DM:https://dailymed.nlm.nih.gov/dailymed/drugInfo.cfm?setid=50a8c251-35ab-41f5-b7b7-3a4dd2222906,official_label_located_pending_formal_review,"extrair secao, trecho e campo especifico da fonte oficial antes de promover para validated_for_table"
asenapina,Asenapina,Antipsicotico atipico,1,drug_class | dose_band | pharmacological_target | receptor_or_mechanism | anxiety_score | sleep_score | mood_score | energy_score | source_reference,dominant_effect | cognition_score | sedation_risk | weight_gain_risk | extrapyramidal_risk,,FDA/Saphris; EMA/Sycrest; CANMAT/ISBD; Stahl; DM:https://dailymed.nlm.nih.gov/dailymed/drugInfo.cfm?setid=5429f134-839f-4ffc-9944-55f51238def8,official_label_located_pending_formal_review,"extrair secao, trecho e campo especifico da fonte oficial antes de promover para validated_for_table"
cariprazina,Cariprazina,Antipsicotico atipico parcial D3/D2,1,drug_class | dose_band | pharmacological_target | receptor_or_mechanism | anxiety_score | sleep_score | mood_score | energy_score | source_reference,dominant_effect | cognition_score | sedation_risk | weight_gain_risk | extrapyramidal_risk,,FDA/Vraylar; Anvisa quando aplicavel; CANMAT/ISBD; Stahl; DM:https://dailymed.nlm.nih.gov/dailymed/drugInfo.cfm?setid=4b5f7c65-aa2d-452a-b3db-bc85c06ff12f,official_label_located_pending_formal_review,"extrair secao, trecho e campo especifico da fonte oficial antes de promover para validated_for_table"
brexpiprazol,Brexpiprazol,Antipsicotico atipico parcial D2/5HT1A,1,drug_class | dose_band | pharmacological_target | receptor_or_mechanism | anxiety_score | sleep_score | mood_score | energy_score | source_reference,dominant_effect | cognition_score | sedation_risk | weight_gain_risk | extrapyramidal_risk,,FDA/Rexulti; Stahl; APA; Maudsley; DM:https://dailymed.nlm.nih.gov/dailymed/drugInfo.cfm?setid=2d301358-6291-4ec1-bd87-37b4ad9bd850,official_label_located_pending_formal_review,"extrair secao, trecho e campo especifico da fonte oficial antes de promover para validated_for_table"
acamprosato,Acamprosato,Dependencia quimica,1,drug_class | dose_band | pharmacological_target | receptor_or_mechanism | anxiety_score | sleep_score | mood_score | energy_score | source_reference,dominant_effect | cognition_score | sedation_risk | weight_gain_risk | extrapyramidal_risk,,FDA/Campral; NICE alcool; APA Alcohol Use Disorder; Anvisa; DM:PENDENTE_PESQUISAR; DM:https://dailymed.nlm.nih.gov/dailymed/drugInfo.cfm?setid=f2bf6742-4b85-45e2-8daa-0f9bfc75a128,official_label_located_pending_formal_review,"extrair secao, trecho e campo especifico da fonte oficial antes de promover para validated_for_table"
dissulfiram,Dissulfiram,Dependencia quimica,1,drug_class | dose_band | pharmacological_target | receptor_or_mechanism | anxiety_score | sleep_score | mood_score | energy_score | source_reference,dominant_effect | cognition_score | sedation_risk | weight_gain_risk | extrapyramidal_risk,,FDA/Antabuse; NICE alcool; APA; Anvisa; DM:https://dailymed.nlm.nih.gov/dailymed/drugInfo.cfm?setid=d3832a1a-a140-49c1-a7df-134fa81341e3,official_label_located_pending_formal_review,"extrair secao, trecho e campo especifico da fonte oficial antes de promover para validated_for_table"
naloxona,Naloxona,Antagonista opioide emergencia,1,drug_class | dose_band | pharmacological_target | receptor_or_mechanism | anxiety_score | sleep_score | mood_score | energy_score | source_reference,dominant_effect | cognition_score | sedation_risk | weight_gain_risk | extrapyramidal_risk,,FDA/Narcan e formulacoes injetaveis; WHO overdose; protocolos de emergencia; DM:https://dailymed.nlm.nih.gov/dailymed/drugInfo.cfm?setid=2e807ed0-6df3-47b5-b7ee-b421c5bf0aa7,official_label_located_pending_formal_review,"extrair secao, trecho e campo especifico da fonte oficial antes de promover para validated_for_table"
buprenorfina,Buprenorfina,Agonista parcial opioide,1,drug_class | dose_band | pharmacological_target | receptor_or_mechanism | anxiety_score | sleep_score | mood_score | energy_score | source_reference,dominant_effect | cognition_score | sedation_risk | weight_gain_risk | extrapyramidal_risk,,"FDA/Subutex, Suboxone, Sublocade, Brixadi; SAMHSA/ASAM; Anvisa; DM:https://dailymed.nlm.nih.gov/dailymed/drugInfo.cfm?setid=2e807ed0-6df3-47b5-b7ee-b421c5bf0aa7",official_label_located_pending_formal_review,"extrair secao, trecho e campo especifico da fonte oficial antes de promover para validated_for_table"
metadona,Metadona,Agonista opioide,1,drug_class | dose_band | pharmacological_target | receptor_or_mechanism | anxiety_score | sleep_score | mood_score | energy_score | source_reference,dominant_effect | cognition_score | sedation_risk | weight_gain_risk | extrapyramidal_risk,,FDA/Dolophine ou Methadose; SAMHSA/ASAM; WHO; Anvisa; DM:https://dailymed.nlm.nih.gov/dailymed/drugInfo.cfm?setid=13541167-95f4-4cb9-9d7d-3c1aced5c5f6,official_label_located_pending_formal_review,"extrair secao, trecho e campo especifico da fonte oficial antes de promover para validated_for_table"
donepezila,Donepezila,Inibidor acetilcolinesterase,1,drug_class | dose_band | pharmacological_target | receptor_or_mechanism | anxiety_score | sleep_score | mood_score | energy_score | source_reference,dominant_effect | cognition_score | sedation_risk | weight_gain_risk | extrapyramidal_risk,,FDA/Aricept; NICE demencia; Anvisa; DM:https://dailymed.nlm.nih.gov/dailymed/drugInfo.cfm?setid=98e451e1-e4d7-4439-a675-c5457ba20975,official_label_located_pending_formal_review,"extrair secao, trecho e campo especifico da fonte oficial antes de promover para validated_for_table"
rivastigmina,Rivastigmina,Inibidor acetilcolinesterase,1,drug_class | dose_band | pharmacological_target | receptor_or_mechanism | anxiety_score | sleep_score | mood_score | energy_score | source_reference,dominant_effect | cognition_score | sedation_risk | weight_gain_risk | extrapyramidal_risk,,FDA/Exelon; NICE demencia; Anvisa; DM:https://dailymed.nlm.nih.gov/dailymed/drugInfo.cfm?setid=52781229-ee82-43f9-a113-4419a611978d,official_label_located_pending_formal_review,"extrair secao, trecho e campo especifico da fonte oficial antes de promover para validated_for_table"
galantamina,Galantamina,Inibidor acetilcolinesterase,1,drug_class | dose_band | pharmacological_target | receptor_or_mechanism | anxiety_score | sleep_score | mood_score | energy_score | source_reference,dominant_effect | cognition_score | sedation_risk | weight_gain_risk | extrapyramidal_risk,,FDA/Razadyne; NICE demencia; Anvisa; DM:https://dailymed.nlm.nih.gov/dailymed/drugInfo.cfm?setid=18fd8860-d9ab-1b17-e063-6294a90aad9a,official_label_located_pending_formal_review,"extrair secao, trecho e campo especifico da fonte oficial antes de promover para validated_for_table"
memantina,Memantina,Antagonista NMDA,1,drug_class | dose_band | pharmacological_target | receptor_or_mechanism | anxiety_score | sleep_score | mood_score | energy_score | source_reference,dominant_effect | cognition_score | sedation_risk | weight_gain_risk | extrapyramidal_risk,,FDA/Namenda; NICE demencia; Anvisa; DM:https://dailymed.nlm.nih.gov/dailymed/drugInfo.cfm?setid=becb09dc-174d-4817-88d4-f38c8adcd309,official_label_located_pending_formal_review,"extrair secao, trecho e campo especifico da fonte oficial antes de promover para validated_for_table"
prometazina,Prometazina,Antihistaminico sedativo,1,drug_class | dose_band | pharmacological_target | receptor_or_mechanism | anxiety_score | sleep_score | mood_score | energy_score | source_reference,dominant_effect | cognition_score | sedation_risk | weight_gain_risk | extrapyramidal_risk,,FDA/Phenergan; Anvisa; protocolos de agitacao; Goodman & Gilman; DM:https://dailymed.nlm.nih.gov/dailymed/drugInfo.cfm?setid=3983d6d3-8bf4-4a88-962f-9bf72fd6e685,official_label_located_pending_formal_review,"extrair secao, trecho e campo especifico da fonte oficial antes de promover para validated_for_table"
droperidol,Droperidol,Antipsicotico de urgencia/antiemetico,1,drug_class | dose_band | pharmacological_target | receptor_or_mechanism | anxiety_score | sleep_score | mood_score | energy_score | source_reference,dominant_effect | cognition_score | sedation_risk | weight_gain_risk | extrapyramidal_risk,,FDA/Inapsine; protocolos de emergencia/agita??o; Goodman & Gilman; DM:https://dailymed.nlm.nih.gov/dailymed/drugInfo.cfm?setid=147e033d-d997-4ef6-8bb5-a9ba372590b2,official_label_located_pending_formal_review,"extrair secao, trecho e campo especifico da fonte oficial antes de promover para validated_for_table"
